reference_column,component_uid,component_name,parent_control_point_uid,parent_control_point_name,subdivision_name,raw_reference_value,reference_format,diagnostic_rule,local_code_line,local_code_station_number,local_bit_token,diagnostic_match_count,diagnostic_status,diagnostic_candidate_mnemonics,diagnostic_candidate_long_names,diagnostic_candidate_family_set,diagnostic_candidate_examples,cp_triplet_same_raw,cp_triplet_same_diagnostic_status,cp_triplet_same_candidate_examples
CPIND11,200000,OCEAN,200000,OCEAN,ESCONDIDO,0;0;200000;3,code_line_station_control_point_bit,parent_station_local_bit_lookup,6,1,3,1,one_candidate,EGK,EASTBOUND SIGNAL INDICATION,signal_indication,3=EGK:EASTBOUND SIGNAL INDICATION,True,True,True
CPIND12,200000,OCEAN,200000,OCEAN,ESCONDIDO,0;0;200000;3,code_line_station_control_point_bit,parent_station_local_bit_lookup,6,1,3,1,one_candidate,EGK,EASTBOUND SIGNAL INDICATION,signal_indication,3=EGK:EASTBOUND SIGNAL INDICATION,True,True,True
CPIND13,200000,OCEAN,200000,OCEAN,ESCONDIDO,0;0;200000;3,code_line_station_control_point_bit,parent_station_local_bit_lookup,6,1,3,1,one_candidate,EGK,EASTBOUND SIGNAL INDICATION,signal_indication,3=EGK:EASTBOUND SIGNAL INDICATION,True,True,True
CPIND11,200002,RAILROAD,200002,RAILROAD,ESCONDIDO,0;0;200002;3,code_line_station_control_point_bit,parent_station_local_bit_lookup,7,1,3,1,one_candidate,3NWK,RAILMOVEMENT INDICATION,railmovement_indication,3=3NWK:RAILMOVEMENT INDICATION,True,True,True
CPIND12,200002,RAILROAD,200002,RAILROAD,ESCONDIDO,0;0;200002;3,code_line_station_control_point_bit,parent_station_local_bit_lookup,7,1,3,1,one_candidate,3NWK,RAILMOVEMENT INDICATION,railmovement_indication,3=3NWK:RAILMOVEMENT INDICATION,True,True,True
CPIND13,200002,RAILROAD,200002,RAILROAD,ESCONDIDO,0;0;200002;3,code_line_station_control_point_bit,parent_station_local_bit_lookup,7,1,3,1,one_candidate,3NWK,RAILMOVEMENT INDICATION,railmovement_indication,3=3NWK:RAILMOVEMENT INDICATION,True,True,True
CPIND11,200003,TRUE,200003,TRUE,ESCONDIDO,0;0;200003;3,code_line_station_control_point_bit,parent_station_local_bit_lookup,10,1,3,1,one_candidate,EGK,EASTBOUND SIGNAL INDICATION,signal_indication,3=EGK:EASTBOUND SIGNAL INDICATION,True,True,True
CPIND12,200003,TRUE,200003,TRUE,ESCONDIDO,0;0;200003;3,code_line_station_control_point_bit,parent_station_local_bit_lookup,10,1,3,1,one_candidate,EGK,EASTBOUND SIGNAL INDICATION,signal_indication,3=EGK:EASTBOUND SIGNAL INDICATION,True,True,True
CPIND13,200003,TRUE,200003,TRUE,ESCONDIDO,0;0;200003;3,code_line_station_control_point_bit,parent_station_local_bit_lookup,10,1,3,1,one_candidate,EGK,EASTBOUND SIGNAL INDICATION,signal_indication,3=EGK:EASTBOUND SIGNAL INDICATION,True,True,True
CPIND11,200004,WYE,200004,WYE,ESCONDIDO,0;0;200004;1,code_line_station_control_point_bit,parent_station_local_bit_lookup,8,1,1,1,one_candidate,1NWK,1 NORMAL SWITCH INDICATION,switch_indication,1=1NWK:1 NORMAL SWITCH INDICATION,True,True,True
CPIND12,200004,WYE,200004,WYE,ESCONDIDO,0;0;200004;1,code_line_station_control_point_bit,parent_station_local_bit_lookup,8,1,1,1,one_candidate,1NWK,1 NORMAL SWITCH INDICATION,switch_indication,1=1NWK:1 NORMAL SWITCH INDICATION,True,True,True
CPIND13,200004,WYE,200004,WYE,ESCONDIDO,0;0;200004;1,code_line_station_control_point_bit,parent_station_local_bit_lookup,8,1,1,1,one_candidate,1NWK,1 NORMAL SWITCH INDICATION,switch_indication,1=1NWK:1 NORMAL SWITCH INDICATION,True,True,True
CPIND11,200005,CROUCH,200005,CROUCH,ESCONDIDO,0;0;200005;3,code_line_station_control_point_bit,parent_station_local_bit_lookup,9,1,3,1,one_candidate,CREGK,SIGNAL CLEAR,signal_indication,3=CREGK:SIGNAL CLEAR,True,True,True
CPIND12,200005,CROUCH,200005,CROUCH,ESCONDIDO,0;0;200005;3,code_line_station_control_point_bit,parent_station_local_bit_lookup,9,1,3,1,one_candidate,CREGK,SIGNAL CLEAR,signal_indication,3=CREGK:SIGNAL CLEAR,True,True,True
CPIND13,200005,CROUCH,200005,CROUCH,ESCONDIDO,0;0;200005;3,code_line_station_control_point_bit,parent_station_local_bit_lookup,9,1,3,1,one_candidate,CREGK,SIGNAL CLEAR,signal_indication,3=CREGK:SIGNAL CLEAR,True,True,True
CPIND11,200006,RANCHO,200006,RANCHO,ESCONDIDO,0;0;200006;1,code_line_station_control_point_bit,parent_station_local_bit_lookup,12,1,1,1,one_candidate,BLANK,BLANK,blank,1=BLANK:BLANK,True,True,True
CPIND12,200006,RANCHO,200006,RANCHO,ESCONDIDO,0;0;200006;1,code_line_station_control_point_bit,parent_station_local_bit_lookup,12,1,1,1,one_candidate,BLANK,BLANK,blank,1=BLANK:BLANK,True,True,True
CPIND13,200006,RANCHO,200006,RANCHO,ESCONDIDO,0;0;200006;1,code_line_station_control_point_bit,parent_station_local_bit_lookup,12,1,1,1,one_candidate,BLANK,BLANK,blank,1=BLANK:BLANK,True,True,True
CPIND11,200007,SCHOOL,200007,SCHOOL,ESCONDIDO,0;0;200007;1,code_line_station_control_point_bit,parent_station_local_bit_lookup,13,1,1,1,one_candidate,1NWK,1 NORMAL SWITCH INDICATION,switch_indication,1=1NWK:1 NORMAL SWITCH INDICATION,True,True,True
CPIND12,200007,SCHOOL,200007,SCHOOL,ESCONDIDO,0;0;200007;1,code_line_station_control_point_bit,parent_station_local_bit_lookup,13,1,1,1,one_candidate,1NWK,1 NORMAL SWITCH INDICATION,switch_indication,1=1NWK:1 NORMAL SWITCH INDICATION,True,True,True
CPIND13,200007,SCHOOL,200007,SCHOOL,ESCONDIDO,0;0;200007;1,code_line_station_control_point_bit,parent_station_local_bit_lookup,13,1,1,1,one_candidate,1NWK,1 NORMAL SWITCH INDICATION,switch_indication,1=1NWK:1 NORMAL SWITCH INDICATION,True,True,True
CPIND11,200008,EL CAMINO,200008,EL CAMINO,ESCONDIDO,0;0;200008;1,code_line_station_control_point_bit,parent_station_local_bit_lookup,11,1,1,1,one_candidate,BLANK,BLANK,blank,1=BLANK:BLANK,True,True,True
CPIND12,200008,EL CAMINO,200008,EL CAMINO,ESCONDIDO,0;0;200008;1,code_line_station_control_point_bit,parent_station_local_bit_lookup,11,1,1,1,one_candidate,BLANK,BLANK,blank,1=BLANK:BLANK,True,True,True
CPIND13,200008,EL CAMINO,200008,EL CAMINO,ESCONDIDO,0;0;200008;1,code_line_station_control_point_bit,parent_station_local_bit_lookup,11,1,1,1,one_candidate,BLANK,BLANK,blank,1=BLANK:BLANK,True,True,True
CPIND11,200009,MELROSE,200009,MELROSE,ESCONDIDO,0;0;200009;1,code_line_station_control_point_bit,parent_station_local_bit_lookup,14,1,1,1,one_candidate,BLANK,BLANK INDICATION,blank,1=BLANK:BLANK INDICATION,True,True,True
CPIND12,200009,MELROSE,200009,MELROSE,ESCONDIDO,0;0;200009;1,code_line_station_control_point_bit,parent_station_local_bit_lookup,14,1,1,1,one_candidate,BLANK,BLANK INDICATION,blank,1=BLANK:BLANK INDICATION,True,True,True
CPIND13,200009,MELROSE,200009,MELROSE,ESCONDIDO,0;0;200009;1,code_line_station_control_point_bit,parent_station_local_bit_lookup,14,1,1,1,one_candidate,BLANK,BLANK INDICATION,blank,1=BLANK:BLANK INDICATION,True,True,True
CPIND11,200010,ANGEL,200010,ANGEL,ESCONDIDO,0;0;200010;1,code_line_station_control_point_bit,parent_station_local_bit_lookup,15,1,1,1,one_candidate,1NWK,1 NORMAL SWITCH INDICATION,switch_indication,1=1NWK:1 NORMAL SWITCH INDICATION,True,True,True
CPIND12,200010,ANGEL,200010,ANGEL,ESCONDIDO,0;0;200010;1,code_line_station_control_point_bit,parent_station_local_bit_lookup,15,1,1,1,one_candidate,1NWK,1 NORMAL SWITCH INDICATION,switch_indication,1=1NWK:1 NORMAL SWITCH INDICATION,True,True,True
CPIND13,200010,ANGEL,200010,ANGEL,ESCONDIDO,0;0;200010;1,code_line_station_control_point_bit,parent_station_local_bit_lookup,15,1,1,1,one_candidate,1NWK,1 NORMAL SWITCH INDICATION,switch_indication,1=1NWK:1 NORMAL SWITCH INDICATION,True,True,True
CPIND11,200011,VISTA,200011,VISTA,ESCONDIDO,0;0;200011;1,code_line_station_control_point_bit,parent_station_local_bit_lookup,16,1,1,1,one_candidate,BLANK,BLANK INDICATION,blank,1=BLANK:BLANK INDICATION,True,True,True
CPIND12,200011,VISTA,200011,VISTA,ESCONDIDO,0;0;200011;1,code_line_station_control_point_bit,parent_station_local_bit_lookup,16,1,1,1,one_candidate,BLANK,BLANK INDICATION,blank,1=BLANK:BLANK INDICATION,True,True,True
CPIND13,200011,VISTA,200011,VISTA,ESCONDIDO,0;0;200011;1,code_line_station_control_point_bit,parent_station_local_bit_lookup,16,1,1,1,one_candidate,BLANK,BLANK INDICATION,blank,1=BLANK:BLANK INDICATION,True,True,True
CPIND11,200012,CIVIC CTR VISTA,200012,CIVIC CTR VISTA,ESCONDIDO,0;0;200012;1,code_line_station_control_point_bit,parent_station_local_bit_lookup,17,1,1,1,one_candidate,BLANK,BLANK INDICATION,blank,1=BLANK:BLANK INDICATION,True,True,True
CPIND12,200012,CIVIC CTR VISTA,200012,CIVIC CTR VISTA,ESCONDIDO,0;0;200012;1,code_line_station_control_point_bit,parent_station_local_bit_lookup,17,1,1,1,one_candidate,BLANK,BLANK INDICATION,blank,1=BLANK:BLANK INDICATION,True,True,True
CPIND13,200012,CIVIC CTR VISTA,200012,CIVIC CTR VISTA,ESCONDIDO,0;0;200012;1,code_line_station_control_point_bit,parent_station_local_bit_lookup,17,1,1,1,one_candidate,BLANK,BLANK INDICATION,blank,1=BLANK:BLANK INDICATION,True,True,True
CPIND11,200013,AVENUE,200013,AVENUE,ESCONDIDO,0;0;200013;1,code_line_station_control_point_bit,parent_station_local_bit_lookup,18,1,1,1,one_candidate,1NWK,1 NORMAL SWITCH INDICATION,switch_indication,1=1NWK:1 NORMAL SWITCH INDICATION,True,True,True
CPIND12,200013,AVENUE,200013,AVENUE,ESCONDIDO,0;0;200013;1,code_line_station_control_point_bit,parent_station_local_bit_lookup,18,1,1,1,one_candidate,1NWK,1 NORMAL SWITCH INDICATION,switch_indication,1=1NWK:1 NORMAL SWITCH INDICATION,True,True,True
CPIND13,200013,AVENUE,200013,AVENUE,ESCONDIDO,0;0;200013;1,code_line_station_control_point_bit,parent_station_local_bit_lookup,18,1,1,1,one_candidate,1NWK,1 NORMAL SWITCH INDICATION,switch_indication,1=1NWK:1 NORMAL SWITCH INDICATION,True,True,True
CPIND11,200014,BUENA CREEK,200014,BUENA CREEK,ESCONDIDO,0;0;200014;1,code_line_station_control_point_bit,parent_station_local_bit_lookup,19,1,1,1,one_candidate,BLANK,BLANK INDICATION,blank,1=BLANK:BLANK INDICATION,True,True,True
CPIND12,200014,BUENA CREEK,200014,BUENA CREEK,ESCONDIDO,0;0;200014;1,code_line_station_control_point_bit,parent_station_local_bit_lookup,19,1,1,1,one_candidate,BLANK,BLANK INDICATION,blank,1=BLANK:BLANK INDICATION,True,True,True
CPIND13,200014,BUENA CREEK,200014,BUENA CREEK,ESCONDIDO,0;0;200014;1,code_line_station_control_point_bit,parent_station_local_bit_lookup,19,1,1,1,one_candidate,BLANK,BLANK INDICATION,blank,1=BLANK:BLANK INDICATION,True,True,True
CPIND11,200015,PALOMAR,200015,PALOMAR,ESCONDIDO,0;0;200015;1,code_line_station_control_point_bit,parent_station_local_bit_lookup,21,1,1,1,one_candidate,BLANK,BLANK INDICATION,blank,1=BLANK:BLANK INDICATION,True,True,True
CPIND12,200015,PALOMAR,200015,PALOMAR,ESCONDIDO,0;0;200015;1,code_line_station_control_point_bit,parent_station_local_bit_lookup,21,1,1,1,one_candidate,BLANK,BLANK INDICATION,blank,1=BLANK:BLANK INDICATION,True,True,True
CPIND13,200015,PALOMAR,200015,PALOMAR,ESCONDIDO,0;0;200015;1,code_line_station_control_point_bit,parent_station_local_bit_lookup,21,1,1,1,one_candidate,BLANK,BLANK INDICATION,blank,1=BLANK:BLANK INDICATION,True,True,True
CPIND11,200016,MISSY,200016,MISSY,ESCONDIDO,0;0;200016;1,code_line_station_control_point_bit,parent_station_local_bit_lookup,20,1,1,1,one_candidate,1NWK,1 NORMAL SWITCH INDICATION,switch_indication,1=1NWK:1 NORMAL SWITCH INDICATION,True,True,True
CPIND12,200016,MISSY,200016,MISSY,ESCONDIDO,0;0;200016;1,code_line_station_control_point_bit,parent_station_local_bit_lookup,20,1,1,1,one_candidate,1NWK,1 NORMAL SWITCH INDICATION,switch_indication,1=1NWK:1 NORMAL SWITCH INDICATION,True,True,True
CPIND13,200016,MISSY,200016,MISSY,ESCONDIDO,0;0;200016;1,code_line_station_control_point_bit,parent_station_local_bit_lookup,20,1,1,1,one_candidate,1NWK,1 NORMAL SWITCH INDICATION,switch_indication,1=1NWK:1 NORMAL SWITCH INDICATION,True,True,True
CPIND11,200017,LOOP WEST,200017,LOOP WEST,ESCONDIDO,0;0;200017;1,code_line_station_control_point_bit,parent_station_local_bit_lookup,22,1,1,1,one_candidate,1NWK,1 NORMAL SWITCH INDICATION,switch_indication,1=1NWK:1 NORMAL SWITCH INDICATION,True,True,True
CPIND12,200017,LOOP WEST,200017,LOOP WEST,ESCONDIDO,0;0;200017;1,code_line_station_control_point_bit,parent_station_local_bit_lookup,22,1,1,1,one_candidate,1NWK,1 NORMAL SWITCH INDICATION,switch_indication,1=1NWK:1 NORMAL SWITCH INDICATION,True,True,True
CPIND13,200017,LOOP WEST,200017,LOOP WEST,ESCONDIDO,0;0;200017;1,code_line_station_control_point_bit,parent_station_local_bit_lookup,22,1,1,1,one_candidate,1NWK,1 NORMAL SWITCH INDICATION,switch_indication,1=1NWK:1 NORMAL SWITCH INDICATION,True,True,True
CPIND11,200019,LOOP EAST,200019,LOOP EAST,ESCONDIDO,0;0;200019;1,code_line_station_control_point_bit,parent_station_local_bit_lookup,24,1,1,1,one_candidate,1NWK,1 NORMAL SWITCH INDICATION,switch_indication,1=1NWK:1 NORMAL SWITCH INDICATION,True,True,True
CPIND12,200019,LOOP EAST,200019,LOOP EAST,ESCONDIDO,0;0;200019;1,code_line_station_control_point_bit,parent_station_local_bit_lookup,24,1,1,1,one_candidate,1NWK,1 NORMAL SWITCH INDICATION,switch_indication,1=1NWK:1 NORMAL SWITCH INDICATION,True,True,True
CPIND13,200019,LOOP EAST,200019,LOOP EAST,ESCONDIDO,0;0;200019;1,code_line_station_control_point_bit,parent_station_local_bit_lookup,24,1,1,1,one_candidate,1NWK,1 NORMAL SWITCH INDICATION,switch_indication,1=1NWK:1 NORMAL SWITCH INDICATION,True,True,True
CPIND11,200020,SHELLY,200020,SHELLY,ESCONDIDO,0;0;200020;1,code_line_station_control_point_bit,parent_station_local_bit_lookup,23,1,1,1,one_candidate,1NWK,1 NORMAL SWITCH INDICATION,switch_indication,1=1NWK:1 NORMAL SWITCH INDICATION,True,True,True
CPIND12,200020,SHELLY,200020,SHELLY,ESCONDIDO,0;0;200020;1,code_line_station_control_point_bit,parent_station_local_bit_lookup,23,1,1,1,one_candidate,1NWK,1 NORMAL SWITCH INDICATION,switch_indication,1=1NWK:1 NORMAL SWITCH INDICATION,True,True,True
CPIND13,200020,SHELLY,200020,SHELLY,ESCONDIDO,0;0;200020;1,code_line_station_control_point_bit,parent_station_local_bit_lookup,23,1,1,1,one_candidate,1NWK,1 NORMAL SWITCH INDICATION,switch_indication,1=1NWK:1 NORMAL SWITCH INDICATION,True,True,True
CPIND11,200025,NORDAHL,200025,NORDAHL,ESCONDIDO,0;0;200025;1,code_line_station_control_point_bit,parent_station_local_bit_lookup,25,1,1,1,one_candidate,BLANK,BLANK,blank,1=BLANK:BLANK,True,True,True
CPIND12,200025,NORDAHL,200025,NORDAHL,ESCONDIDO,0;0;200025;1,code_line_station_control_point_bit,parent_station_local_bit_lookup,25,1,1,1,one_candidate,BLANK,BLANK,blank,1=BLANK:BLANK,True,True,True
CPIND13,200025,NORDAHL,200025,NORDAHL,ESCONDIDO,0;0;200025;1,code_line_station_control_point_bit,parent_station_local_bit_lookup,25,1,1,1,one_candidate,BLANK,BLANK,blank,1=BLANK:BLANK,True,True,True
CPIND11,200026,HOLDOUT,200026,HOLDOUT,ESCONDIDO,0;0;200026;26,code_line_station_control_point_bit,parent_station_local_bit_lookup,26,1,26,1,one_candidate,BLANK,BLANK INDICATION,blank,26=BLANK:BLANK INDICATION,True,True,True
CPIND12,200026,HOLDOUT,200026,HOLDOUT,ESCONDIDO,0;0;200026;26,code_line_station_control_point_bit,parent_station_local_bit_lookup,26,1,26,1,one_candidate,BLANK,BLANK INDICATION,blank,26=BLANK:BLANK INDICATION,True,True,True
CPIND13,200026,HOLDOUT,200026,HOLDOUT,ESCONDIDO,0;0;200026;26,code_line_station_control_point_bit,parent_station_local_bit_lookup,26,1,26,1,one_candidate,BLANK,BLANK INDICATION,blank,26=BLANK:BLANK INDICATION,True,True,True
CPIND11,200027,YARD,200027,YARD,ESCONDIDO,0;0;200027;1,code_line_station_control_point_bit,parent_station_local_bit_lookup,27,1,1,1,one_candidate,1NWK,1 NORMAL SWITCH INDICATION,switch_indication,1=1NWK:1 NORMAL SWITCH INDICATION,True,True,True
CPIND12,200027,YARD,200027,YARD,ESCONDIDO,0;0;200027;1,code_line_station_control_point_bit,parent_station_local_bit_lookup,27,1,1,1,one_candidate,1NWK,1 NORMAL SWITCH INDICATION,switch_indication,1=1NWK:1 NORMAL SWITCH INDICATION,True,True,True
CPIND13,200027,YARD,200027,YARD,ESCONDIDO,0;0;200027;1,code_line_station_control_point_bit,parent_station_local_bit_lookup,27,1,1,1,one_candidate,1NWK,1 NORMAL SWITCH INDICATION,switch_indication,1=1NWK:1 NORMAL SWITCH INDICATION,True,True,True
CPIND11,200028,AVO,200028,AVO,ESCONDIDO,0;0;200028;28,code_line_station_control_point_bit,parent_station_local_bit_lookup,28,1,28,0,zero_candidate,,,no_candidate,,True,True,False
CPIND12,200028,AVO,200028,AVO,ESCONDIDO,0;0;200028;28,code_line_station_control_point_bit,parent_station_local_bit_lookup,28,1,28,0,zero_candidate,,,no_candidate,,True,True,False
CPIND13,200028,AVO,200028,AVO,ESCONDIDO,0;0;200028;28,code_line_station_control_point_bit,parent_station_local_bit_lookup,28,1,28,0,zero_candidate,,,no_candidate,,True,True,False
CPIND11,100000,CARL,100000,CARL,SAN DIEGO,0;0;100000;5,code_line_station_control_point_bit,parent_station_local_bit_lookup,5,1,5,1,one_candidate,EGK,EASTBOUND SIGNAL INDICATION,signal_indication,5=EGK:EASTBOUND SIGNAL INDICATION,True,True,True
CPIND12,100000,CARL,100000,CARL,SAN DIEGO,0;0;100000;5,code_line_station_control_point_bit,parent_station_local_bit_lookup,5,1,5,1,one_candidate,EGK,EASTBOUND SIGNAL INDICATION,signal_indication,5=EGK:EASTBOUND SIGNAL INDICATION,True,True,True
CPIND13,100000,CARL,100000,CARL,SAN DIEGO,0;0;100000;5,code_line_station_control_point_bit,parent_station_local_bit_lookup,5,1,5,1,one_candidate,EGK,EASTBOUND SIGNAL INDICATION,signal_indication,5=EGK:EASTBOUND SIGNAL INDICATION,True,True,True
CPIND11,100001,SONGS,100001,SONGS,SAN DIEGO,0;0;100001;5,code_line_station_control_point_bit,parent_station_local_bit_lookup,5,1,5,1,one_candidate,EGK,EASTBOUND SIGNAL INDICATION,signal_indication,5=EGK:EASTBOUND SIGNAL INDICATION,True,True,True
CPIND12,100001,SONGS,100001,SONGS,SAN DIEGO,0;0;100001;5,code_line_station_control_point_bit,parent_station_local_bit_lookup,5,1,5,1,one_candidate,EGK,EASTBOUND SIGNAL INDICATION,signal_indication,5=EGK:EASTBOUND SIGNAL INDICATION,True,True,True
CPIND13,100001,SONGS,100001,SONGS,SAN DIEGO,0;0;100001;5,code_line_station_control_point_bit,parent_station_local_bit_lookup,5,1,5,1,one_candidate,EGK,EASTBOUND SIGNAL INDICATION,signal_indication,5=EGK:EASTBOUND SIGNAL INDICATION,True,True,True
CPIND11,100002,DON,100002,DON,SAN DIEGO,0;0;100002;5,code_line_station_control_point_bit,parent_station_local_bit_lookup,5,1,5,1,one_candidate,2EGK,2 EASTBOUND SIGNAL INDICATION,signal_indication,5=2EGK:2 EASTBOUND SIGNAL INDICATION,True,True,True
CPIND12,100002,DON,100002,DON,SAN DIEGO,0;0;100002;5,code_line_station_control_point_bit,parent_station_local_bit_lookup,5,1,5,1,one_candidate,2EGK,2 EASTBOUND SIGNAL INDICATION,signal_indication,5=2EGK:2 EASTBOUND SIGNAL INDICATION,True,True,True
CPIND13,100002,DON,100002,DON,SAN DIEGO,0;0;100002;5,code_line_station_control_point_bit,parent_station_local_bit_lookup,5,1,5,1,one_candidate,2EGK,2 EASTBOUND SIGNAL INDICATION,signal_indication,5=2EGK:2 EASTBOUND SIGNAL INDICATION,True,True,True
CPIND11,100003,PULGAS,100003,PULGAS,SAN DIEGO,0;0;100003;5,code_line_station_control_point_bit,parent_station_local_bit_lookup,5,1,5,1,one_candidate,EGK,EASTBOUND SIGNAL INDICATION,signal_indication,5=EGK:EASTBOUND SIGNAL INDICATION,True,True,True
CPIND12,100003,PULGAS,100003,PULGAS,SAN DIEGO,0;0;100003;5,code_line_station_control_point_bit,parent_station_local_bit_lookup,5,1,5,1,one_candidate,EGK,EASTBOUND SIGNAL INDICATION,signal_indication,5=EGK:EASTBOUND SIGNAL INDICATION,True,True,True
CPIND13,100003,PULGAS,100003,PULGAS,SAN DIEGO,0;0;100003;5,code_line_station_control_point_bit,parent_station_local_bit_lookup,5,1,5,1,one_candidate,EGK,EASTBOUND SIGNAL INDICATION,signal_indication,5=EGK:EASTBOUND SIGNAL INDICATION,True,True,True
CPIND11,100004,CUDAHY,100004,CUDAHY,SAN DIEGO,0;0;100004;5,code_line_station_control_point_bit,parent_station_local_bit_lookup,5,1,5,1,one_candidate,2EGK,2 EASTBOUND SIGNAL INDICATION,signal_indication,5=2EGK:2 EASTBOUND SIGNAL INDICATION,True,True,True
CPIND12,100004,CUDAHY,100004,CUDAHY,SAN DIEGO,0;0;100004;5,code_line_station_control_point_bit,parent_station_local_bit_lookup,5,1,5,1,one_candidate,2EGK,2 EASTBOUND SIGNAL INDICATION,signal_indication,5=2EGK:2 EASTBOUND SIGNAL INDICATION,True,True,True
CPIND13,100004,CUDAHY,100004,CUDAHY,SAN DIEGO,0;0;100004;5,code_line_station_control_point_bit,parent_station_local_bit_lookup,5,1,5,1,one_candidate,2EGK,2 EASTBOUND SIGNAL INDICATION,signal_indication,5=2EGK:2 EASTBOUND SIGNAL INDICATION,True,True,True
CPIND11,100005,STUART,100005,STUART,SAN DIEGO,0;0;100005;5,code_line_station_control_point_bit,parent_station_local_bit_lookup,5,1,5,1,one_candidate,2EHK,2 EASTBOUND SIGNAL INDICATION,signal_indication,5=2EHK:2 EASTBOUND SIGNAL INDICATION,True,True,True
CPIND12,100005,STUART,100005,STUART,SAN DIEGO,0;0;100005;5,code_line_station_control_point_bit,parent_station_local_bit_lookup,5,1,5,1,one_candidate,2EHK,2 EASTBOUND SIGNAL INDICATION,signal_indication,5=2EHK:2 EASTBOUND SIGNAL INDICATION,True,True,True
CPIND13,100005,STUART,100005,STUART,SAN DIEGO,0;0;100005;5,code_line_station_control_point_bit,parent_station_local_bit_lookup,5,1,5,1,one_candidate,2EHK,2 EASTBOUND SIGNAL INDICATION,signal_indication,5=2EHK:2 EASTBOUND SIGNAL INDICATION,True,True,True
CPIND11,100006,MESA,100006,MESA,SAN DIEGO,0;0;100006;5,code_line_station_control_point_bit,parent_station_local_bit_lookup,5,1,5,1,one_candidate,2EGK,2 EASTBOUND SIGNAL INDICATION,signal_indication,5=2EGK:2 EASTBOUND SIGNAL INDICATION,True,True,True
CPIND12,100006,MESA,100006,MESA,SAN DIEGO,0;0;100006;5,code_line_station_control_point_bit,parent_station_local_bit_lookup,5,1,5,1,one_candidate,2EGK,2 EASTBOUND SIGNAL INDICATION,signal_indication,5=2EGK:2 EASTBOUND SIGNAL INDICATION,True,True,True
CPIND13,100006,MESA,100006,MESA,SAN DIEGO,0;0;100006;5,code_line_station_control_point_bit,parent_station_local_bit_lookup,5,1,5,1,one_candidate,2EGK,2 EASTBOUND SIGNAL INDICATION,signal_indication,5=2EGK:2 EASTBOUND SIGNAL INDICATION,True,True,True
CPIND11,100007,ROSE,100007,ROSE,SAN DIEGO,0;0;100007;5,code_line_station_control_point_bit,parent_station_local_bit_lookup,5,1,5,1,one_candidate,2EGK,2E SIGNAL CLEAR INDICATION,signal_indication,5=2EGK:2E SIGNAL CLEAR INDICATION,True,True,True
CPIND12,100007,ROSE,100007,ROSE,SAN DIEGO,0;0;100007;5,code_line_station_control_point_bit,parent_station_local_bit_lookup,5,1,5,1,one_candidate,2EGK,2E SIGNAL CLEAR INDICATION,signal_indication,5=2EGK:2E SIGNAL CLEAR INDICATION,True,True,True
CPIND13,100007,ROSE,100007,ROSE,SAN DIEGO,0;0;100007;5,code_line_station_control_point_bit,parent_station_local_bit_lookup,5,1,5,1,one_candidate,2EGK,2E SIGNAL CLEAR INDICATION,signal_indication,5=2EGK:2E SIGNAL CLEAR INDICATION,True,True,True
CPIND11,100008,BROADWAY,100008,BROADWAY,SAN DIEGO,0;0;100008;5,code_line_station_control_point_bit,parent_station_local_bit_lookup,5,1,5,1,one_candidate,EGK,EASTBOUND SIGNAL INDICATION,signal_indication,5=EGK:EASTBOUND SIGNAL INDICATION,True,True,True
CPIND12,100008,BROADWAY,100008,BROADWAY,SAN DIEGO,0;0;100008;5,code_line_station_control_point_bit,parent_station_local_bit_lookup,5,1,5,1,one_candidate,EGK,EASTBOUND SIGNAL INDICATION,signal_indication,5=EGK:EASTBOUND SIGNAL INDICATION,True,True,True
CPIND13,100008,BROADWAY,100008,BROADWAY,SAN DIEGO,0;0;100008;5,code_line_station_control_point_bit,parent_station_local_bit_lookup,5,1,5,1,one_candidate,EGK,EASTBOUND SIGNAL INDICATION,signal_indication,5=EGK:EASTBOUND SIGNAL INDICATION,True,True,True
CPIND11,100009,EAST BROOK,100009,EAST BROOK,SAN DIEGO,0;0;100009;5,code_line_station_control_point_bit,parent_station_local_bit_lookup,5,1,5,1,one_candidate,EHK,EASTBOUND SIGNAL INDICATION,signal_indication,5=EHK:EASTBOUND SIGNAL INDICATION,True,True,True
CPIND12,100009,EAST BROOK,100009,EAST BROOK,SAN DIEGO,0;0;100009;5,code_line_station_control_point_bit,parent_station_local_bit_lookup,5,1,5,1,one_candidate,EHK,EASTBOUND SIGNAL INDICATION,signal_indication,5=EHK:EASTBOUND SIGNAL INDICATION,True,True,True
CPIND13,100009,EAST BROOK,100009,EAST BROOK,SAN DIEGO,0;0;100009;5,code_line_station_control_point_bit,parent_station_local_bit_lookup,5,1,5,1,one_candidate,EHK,EASTBOUND SIGNAL INDICATION,signal_indication,5=EHK:EASTBOUND SIGNAL INDICATION,True,True,True
CPIND11,100010,SORRENTO,100010,SORRENTO,SAN DIEGO,0;0;100010;5,code_line_station_control_point_bit,parent_station_local_bit_lookup,5,1,5,1,one_candidate,2EGK,2 EASTBOUND SIGNAL INDICATION,signal_indication,5=2EGK:2 EASTBOUND SIGNAL INDICATION,True,True,True
CPIND12,100010,SORRENTO,100010,SORRENTO,SAN DIEGO,0;0;100010;5,code_line_station_control_point_bit,parent_station_local_bit_lookup,5,1,5,1,one_candidate,2EGK,2 EASTBOUND SIGNAL INDICATION,signal_indication,5=2EGK:2 EASTBOUND SIGNAL INDICATION,True,True,True
CPIND13,100010,SORRENTO,100010,SORRENTO,SAN DIEGO,0;0;100010;5,code_line_station_control_point_bit,parent_station_local_bit_lookup,5,1,5,1,one_candidate,2EGK,2 EASTBOUND SIGNAL INDICATION,signal_indication,5=2EGK:2 EASTBOUND SIGNAL INDICATION,True,True,True
CPIND11,100012,SHELL,100012,SHELL,SAN DIEGO,0;0;100012;5,code_line_station_control_point_bit,parent_station_local_bit_lookup,5,1,5,1,one_candidate,WHK,WESTBOUND SIGNAL INDICATION,signal_indication,5=WHK:WESTBOUND SIGNAL INDICATION,True,True,True
CPIND12,100012,SHELL,100012,SHELL,SAN DIEGO,0;0;100012;5,code_line_station_control_point_bit,parent_station_local_bit_lookup,5,1,5,1,one_candidate,WHK,WESTBOUND SIGNAL INDICATION,signal_indication,5=WHK:WESTBOUND SIGNAL INDICATION,True,True,True
CPIND13,100012,SHELL,100012,SHELL,SAN DIEGO,0;0;100012;5,code_line_station_control_point_bit,parent_station_local_bit_lookup,5,1,5,1,one_candidate,WHK,WESTBOUND SIGNAL INDICATION,signal_indication,5=WHK:WESTBOUND SIGNAL INDICATION,True,True,True
CPIND11,100013,ESCONDIDO JCT,100013,ESCONDIDO JCT,SAN DIEGO,0;0;100013;5,code_line_station_control_point_bit,parent_station_local_bit_lookup,5,1,5,1,one_candidate,5NWK,5 NORMAL SWITCH INDICATION,switch_indication,5=5NWK:5 NORMAL SWITCH INDICATION,True,True,True
CPIND12,100013,ESCONDIDO JCT,100013,ESCONDIDO JCT,SAN DIEGO,0;0;100013;5,code_line_station_control_point_bit,parent_station_local_bit_lookup,5,1,5,1,one_candidate,5NWK,5 NORMAL SWITCH INDICATION,switch_indication,5=5NWK:5 NORMAL SWITCH INDICATION,True,True,True
CPIND13,100013,ESCONDIDO JCT,100013,ESCONDIDO JCT,SAN DIEGO,0;0;100013;5,code_line_station_control_point_bit,parent_station_local_bit_lookup,5,1,5,1,one_candidate,5NWK,5 NORMAL SWITCH INDICATION,switch_indication,5=5NWK:5 NORMAL SWITCH INDICATION,True,True,True
CPIND11,100016,LONGBOARD,100016,LONGBOARD,SAN DIEGO,0;0;100016;5,code_line_station_control_point_bit,parent_station_local_bit_lookup,5,1,5,1,one_candidate,EGK,EASTBOUND SIGNAL INDICATION,signal_indication,5=EGK:EASTBOUND SIGNAL INDICATION,True,True,True
CPIND12,100016,LONGBOARD,100016,LONGBOARD,SAN DIEGO,0;0;100016;5,code_line_station_control_point_bit,parent_station_local_bit_lookup,5,1,5,1,one_candidate,EGK,EASTBOUND SIGNAL INDICATION,signal_indication,5=EGK:EASTBOUND SIGNAL INDICATION,True,True,True
CPIND13,100016,LONGBOARD,100016,LONGBOARD,SAN DIEGO,0;0;100016;5,code_line_station_control_point_bit,parent_station_local_bit_lookup,5,1,5,1,one_candidate,EGK,EASTBOUND SIGNAL INDICATION,signal_indication,5=EGK:EASTBOUND SIGNAL INDICATION,True,True,True
CPIND11,100017,FARR,100017,FARR,SAN DIEGO,0;0;100017;0,code_line_station_control_point_bit,parent_station_local_bit_lookup,5,1,0,0,zero_candidate,,,no_candidate,,True,True,False
CPIND12,100017,FARR,100017,FARR,SAN DIEGO,0;0;100017;0,code_line_station_control_point_bit,parent_station_local_bit_lookup,5,1,0,0,zero_candidate,,,no_candidate,,True,True,False
CPIND13,100017,FARR,100017,FARR,SAN DIEGO,0;0;100017;0,code_line_station_control_point_bit,parent_station_local_bit_lookup,5,1,0,0,zero_candidate,,,no_candidate,,True,True,False
CPIND11,100018,PONTO,100018,PONTO,SAN DIEGO,0;0;100018;0,code_line_station_control_point_bit,parent_station_local_bit_lookup,5,1,0,0,zero_candidate,,,no_candidate,,True,True,False
CPIND12,100018,PONTO,100018,PONTO,SAN DIEGO,0;0;100018;0,code_line_station_control_point_bit,parent_station_local_bit_lookup,5,1,0,0,zero_candidate,,,no_candidate,,True,True,False
CPIND13,100018,PONTO,100018,PONTO,SAN DIEGO,0;0;100018;0,code_line_station_control_point_bit,parent_station_local_bit_lookup,5,1,0,0,zero_candidate,,,no_candidate,,True,True,False
CPIND11,100019,SWAMI,100019,SWAMI,SAN DIEGO,0;0;100019;0,code_line_station_control_point_bit,parent_station_local_bit_lookup,5,1,0,0,zero_candidate,,,no_candidate,,True,True,False
CPIND12,100019,SWAMI,100019,SWAMI,SAN DIEGO,0;0;100019;0,code_line_station_control_point_bit,parent_station_local_bit_lookup,5,1,0,0,zero_candidate,,,no_candidate,,True,True,False
CPIND13,100019,SWAMI,100019,SWAMI,SAN DIEGO,0;0;100019;0,code_line_station_control_point_bit,parent_station_local_bit_lookup,5,1,0,0,zero_candidate,,,no_candidate,,True,True,False
CPIND11,100020,CARDIFF,100020,CARDIFF,SAN DIEGO,0;0;100020;5,code_line_station_control_point_bit,parent_station_local_bit_lookup,5,1,5,1,one_candidate,2EGK,2E SIGNAL CLEAR INDICATION,signal_indication,5=2EGK:2E SIGNAL CLEAR INDICATION,True,True,True
CPIND12,100020,CARDIFF,100020,CARDIFF,SAN DIEGO,0;0;100020;5,code_line_station_control_point_bit,parent_station_local_bit_lookup,5,1,5,1,one_candidate,2EGK,2E SIGNAL CLEAR INDICATION,signal_indication,5=2EGK:2E SIGNAL CLEAR INDICATION,True,True,True
CPIND13,100020,CARDIFF,100020,CARDIFF,SAN DIEGO,0;0;100020;5,code_line_station_control_point_bit,parent_station_local_bit_lookup,5,1,5,1,one_candidate,2EGK,2E SIGNAL CLEAR INDICATION,signal_indication,5=2EGK:2E SIGNAL CLEAR INDICATION,True,True,True
CPIND11,100022,VALLEY,100022,VALLEY,SAN DIEGO,0;0;100022;0,code_line_station_control_point_bit,parent_station_local_bit_lookup,5,1,0,0,zero_candidate,,,no_candidate,,True,True,False
CPIND12,100022,VALLEY,100022,VALLEY,SAN DIEGO,0;0;100022;0,code_line_station_control_point_bit,parent_station_local_bit_lookup,5,1,0,0,zero_candidate,,,no_candidate,,True,True,False
CPIND13,100022,VALLEY,100022,VALLEY,SAN DIEGO,0;0;100022;0,code_line_station_control_point_bit,parent_station_local_bit_lookup,5,1,0,0,zero_candidate,,,no_candidate,,True,True,False
CPIND11,100023,CROSBY,100023,CROSBY,SAN DIEGO,0;0;100023;0,code_line_station_control_point_bit,parent_station_local_bit_lookup,5,1,0,0,zero_candidate,,,no_candidate,,True,True,False
CPIND12,100023,CROSBY,100023,CROSBY,SAN DIEGO,0;0;100023;0,code_line_station_control_point_bit,parent_station_local_bit_lookup,5,1,0,0,zero_candidate,,,no_candidate,,True,True,False
CPIND13,100023,CROSBY,100023,CROSBY,SAN DIEGO,0;0;100023;0,code_line_station_control_point_bit,parent_station_local_bit_lookup,5,1,0,0,zero_candidate,,,no_candidate,,True,True,False
CPIND11,100024,DEL MAR,100024,DEL MAR,SAN DIEGO,0;0;100024;0,code_line_station_control_point_bit,parent_station_local_bit_lookup,5,1,0,0,zero_candidate,,,no_candidate,,True,True,False
CPIND12,100024,DEL MAR,100024,DEL MAR,SAN DIEGO,0;0;100024;0,code_line_station_control_point_bit,parent_station_local_bit_lookup,5,1,0,0,zero_candidate,,,no_candidate,,True,True,False
CPIND13,100024,DEL MAR,100024,DEL MAR,SAN DIEGO,0;0;100024;0,code_line_station_control_point_bit,parent_station_local_bit_lookup,5,1,0,0,zero_candidate,,,no_candidate,,True,True,False
CPIND11,100025,TORREY,100025,TORREY,SAN DIEGO,0;0;100025;0,code_line_station_control_point_bit,parent_station_local_bit_lookup,5,1,0,0,zero_candidate,,,no_candidate,,True,True,False
CPIND12,100025,TORREY,100025,TORREY,SAN DIEGO,0;0;100025;0,code_line_station_control_point_bit,parent_station_local_bit_lookup,5,1,0,0,zero_candidate,,,no_candidate,,True,True,False
CPIND13,100025,TORREY,100025,TORREY,SAN DIEGO,0;0;100025;0,code_line_station_control_point_bit,parent_station_local_bit_lookup,5,1,0,0,zero_candidate,,,no_candidate,,True,True,False
CPIND11,100027,MIRAMAR,100027,MIRAMAR,SAN DIEGO,0;0;100027;0,code_line_station_control_point_bit,parent_station_local_bit_lookup,5,1,0,0,zero_candidate,,,no_candidate,,True,True,False
CPIND12,100027,MIRAMAR,100027,MIRAMAR,SAN DIEGO,0;0;100027;0,code_line_station_control_point_bit,parent_station_local_bit_lookup,5,1,0,0,zero_candidate,,,no_candidate,,True,True,False
CPIND13,100027,MIRAMAR,100027,MIRAMAR,SAN DIEGO,0;0;100027;0,code_line_station_control_point_bit,parent_station_local_bit_lookup,5,1,0,0,zero_candidate,,,no_candidate,,True,True,False
CPIND11,100033,ASH,100033,ASH,SAN DIEGO,0;0;100033;5,code_line_station_control_point_bit,parent_station_local_bit_lookup,5,1,5,1,one_candidate,2EGK,2 EASTBOUND SIGNAL INDICATION,signal_indication,5=2EGK:2 EASTBOUND SIGNAL INDICATION,True,True,True
CPIND12,100033,ASH,100033,ASH,SAN DIEGO,0;0;100033;5,code_line_station_control_point_bit,parent_station_local_bit_lookup,5,1,5,1,one_candidate,2EGK,2 EASTBOUND SIGNAL INDICATION,signal_indication,5=2EGK:2 EASTBOUND SIGNAL INDICATION,True,True,True
CPIND13,100033,ASH,100033,ASH,SAN DIEGO,0;0;100033;5,code_line_station_control_point_bit,parent_station_local_bit_lookup,5,1,5,1,one_candidate,2EGK,2 EASTBOUND SIGNAL INDICATION,signal_indication,5=2EGK:2 EASTBOUND SIGNAL INDICATION,True,True,True
CPIND11,100035,CONVAIR,100035,CONVAIR,SAN DIEGO,0;0;100035;5,code_line_station_control_point_bit,parent_station_local_bit_lookup,5,1,5,1,one_candidate,2EGK,2 EASTBOUND SIGNAL INDICATION,signal_indication,5=2EGK:2 EASTBOUND SIGNAL INDICATION,True,True,True
CPIND12,100035,CONVAIR,100035,CONVAIR,SAN DIEGO,0;0;100035;5,code_line_station_control_point_bit,parent_station_local_bit_lookup,5,1,5,1,one_candidate,2EGK,2 EASTBOUND SIGNAL INDICATION,signal_indication,5=2EGK:2 EASTBOUND SIGNAL INDICATION,True,True,True
CPIND13,100035,CONVAIR,100035,CONVAIR,SAN DIEGO,0;0;100035;5,code_line_station_control_point_bit,parent_station_local_bit_lookup,5,1,5,1,one_candidate,2EGK,2 EASTBOUND SIGNAL INDICATION,signal_indication,5=2EGK:2 EASTBOUND SIGNAL INDICATION,True,True,True
