symbol,train_guid,engine_id,direction,train_type,origin,dest,subdivision,track_guid,track_component_name,track_name,track_alias,track_route_name,control_point_name,schedule_status,ptc_status,bulletin_route_code,authority_designation,ctc_authority_designation,home_road_code,active_sub_train_sheet,authority_count_by_symbol,runtime_join_status,runtime_loco_id,runtime_train_symbol,runtime_last_updated,runtime_icd_interface_version,runtime_departure_test_status,runtime_onboard_software_version,runtime_head_end_track_name,runtime_departure_track_name,runtime_departure_location_name
A1562,3b566cc0-3c57-443d-adc5-638fb70b2a57,,WEST,COMMUTER,LOS ANGELES,SAN DIEGO,NONE,0,,,,,,NONE,,SANDIE,,,AMTK,19762813-9435-4360-882F-211D8FA2C1C2,0,no_engine_id,,,,,,,,,
A1591,58cf8215-e7ae-4ade-b62c-54256889d173,,WEST,COMMUTER,SAN DIEGO,LOS ANGELES,NONE,0,,,,,,NONE,,SANDIE,,,AMTK,5FFB59ED-874D-4F19-876F-E8B9D0A433E5,0,no_engine_id,,,,,,,,,
A1765,ec1441cd-e222-402f-a564-2f5aec8c1f41,,WEST,COMMUTER,SAN DIEGO,LOS ANGELES,NONE,0,,,,,,NONE,,SANDIE,,,AMTK,622AC4BA-7DE9-4C63-888E-9A6714F771DC,0,no_engine_id,,,,,,,,,
A1769,138a6e91-1eba-4460-95c8-5719d931c0fb,,WEST,COMMUTER,SAN DIEGO,LOS ANGELES,NONE,0,,,,,,NONE,,SANDIE,,,AMTK,B449A393-1978-4930-BE67-9A155BE884A1,0,no_engine_id,,,,,,,,,
A1770,e7a99ab5-f41c-4049-b9c3-15da813132fd,,WEST,COMMUTER,LOS ANGELES,SAN DIEGO,NONE,0,,,,,,NONE,,SANDIE,,,AMTK,24847DAF-BC12-4A6C-A141-029CD9516703,0,no_engine_id,,,,,,,,,
A1774,cac9eb6d-d08d-4058-88ac-795faccf539f,,WEST,COMMUTER,LOS ANGELES,SAN DIEGO,NONE,0,,,,,,NONE,,SANDIE,,,AMTK,50D3BDAC-5998-40DC-8E70-B7447C1F6C9A,0,no_engine_id,,,,,,,,,
A1777,5edd5427-9eaf-4a74-b2c3-e5528d09cc3f,,WEST,COMMUTER,SAN DIEGO,LOS ANGELES,NONE,0,,,,,,NONE,,SANDIE,,,AMTK,C03B4C47-4C8E-408D-B794-9455C65AC3FA,0,no_engine_id,,,,,,,,,
A1784,1abd45a8-0864-4d2c-9fba-2f706479b2d4,,WEST,COMMUTER,LOS ANGELES,SAN DIEGO,NONE,0,,,,,,NONE,,SANDIE,,,AMTK,CB4C47C1-2A53-4452-AF8C-8BBE9FB86FC4,0,no_engine_id,,,,,,,,,
A1785,3c0ea8de-831f-408c-ae5f-75d080bc321e,,WEST,COMMUTER,SAN DIEGO,LOS ANGELES,NONE,0,,,,,,NONE,,SANDIE,,,AMTK,3920BF98-566B-4B53-8910-2A9852C099C6,0,no_engine_id,,,,,,,,,
A1790,9dc13fa7-3655-4836-84e1-d514ca301cc2,,WEST,COMMUTER,LOS ANGELES,SAN DIEGO,NONE,0,,,,,,NONE,,SANDIE,,,AMTK,926AD0B0-76B8-41DF-8589-546C3CECC2EB,0,no_engine_id,,,,,,,,,
A562,08f54e79-8b96-4a04-ba45-7d89cc7b00c8,X,EAST,COMMUTER,LOS ANGELES,SAN DIEGO,2,100921,SHELF,MT1,MT1,ROUTE NAME,SONGS,NONE,,SANDIE,,,AMTK,83BB4C47-118C-4886-A082-C5686D643B22,0,engine_id_without_runtime_match,,,,,,,,,
A564,ae87c378-767a-4cb2-bfa1-90d63c3de714,X,EAST,COMMUTER,LOS ANGELES,SAN DIEGO,2,100921,SHELF,MT1,MT1,ROUTE NAME,SONGS,NONE,,SANDIE,,,AMTK,04DE45FD-9059-459F-8D21-E19186576FE3,0,engine_id_without_runtime_match,,,,,,,,,
A566,ff36e4a3-2aaf-4cbf-96a6-82c667058477,X,EAST,COMMUTER,LOS ANGELES,SAN DIEGO,2,100921,SHELF,MT1,MT1,ROUTE NAME,SONGS,NONE,,SANDIE,,,AMTK,2F10B45A-A89A-4DFC-BEF7-1B229D31F8D3,0,engine_id_without_runtime_match,,,,,,,,,
A567,8A840FE3-AE95-4105-BD61-C7CA964C0B33,X,WEST,COMMUTER,,,2,100156,SHELF,MT1,MT1,ROUTE NAME,ASH,,,,,,AMTK,19BD3C51-A364-4066-A882-0DB3C313E892,0,engine_id_without_runtime_match,,,,,,,,,
A568,96314066-479e-4b67-8595-882d71b223e5,,EAST,COMMUTER,LOS ANGELES,SAN DIEGO,NONE,0,,,,,,NONE,,SANDIE,,,AMTK,988A62CE-C6DC-4442-9051-B6D7B72EDB48,0,no_engine_id,,,,,,,,,
A572,e4b1b3a2-1e30-45a3-9731-b31794552a03,X,EAST,COMMUTER,LOS ANGELES,SAN DIEGO,2,100921,SHELF,MT1,MT1,ROUTE NAME,SONGS,NONE,,SANDIE,,,AMTK,F67E7427-B546-4F01-8257-659E2EBF41F7,0,engine_id_without_runtime_match,,,,,,,,,
A573,9f3fd574-dcfa-4b40-abe1-46e81edab032,X,WEST,COMMUTER,SAN DIEGO,LOS ANGELES,2,100156,SHELF,MT1,MT1,ROUTE NAME,ASH,NONE,,SANDIE,,,AMTK,E84F0A2A-3EF6-4D44-A640-2F1BCA911BCE,0,engine_id_without_runtime_match,,,,,,,,,
A575,3caf6ea5-c265-479e-8f15-13fc629cc41b,,WEST,COMMUTER,SAN DIEGO,LOS ANGELES,NONE,0,,,,,,NONE,,SANDIE,,,AMTK,6A1CA812-426E-4566-BC12-9C887D6ED71A,0,no_engine_id,,,,,,,,,
A579,1c15d2b3-cd41-4a71-92bd-b69e49e73339,X,WEST,COMMUTER,SAN DIEGO,LOS ANGELES,2,100156,SHELF,MT1,MT1,ROUTE NAME,ASH,NONE,,SANDIE,,,AMTK,653D3FD9-3F1C-48DC-8C96-EB0DE1BA9845,0,engine_id_without_runtime_match,,,,,,,,,
A580,f75c3a71-43ce-44a0-bf02-c05fcb07f0e7,,EAST,COMMUTER,LOS ANGELES,SAN DIEGO,NONE,0,,,,,,NONE,,SANDIE,,,AMTK,853AD891-5E7A-4429-B88E-E4F0762B1305,0,no_engine_id,,,,,,,,,
A581,31b247aa-c9ac-484f-9e86-738484260a00,X,WEST,COMMUTER,SAN DIEGO,LOS ANGELES,2,100156,SHELF,MT1,MT1,ROUTE NAME,ASH,NONE,,SANDIE,,,AMTK,CB618B19-3D4E-4A8A-B3F0-A8E6FA4CC9A1,0,engine_id_without_runtime_match,,,,,,,,,
A583,c23f59d7-b9f8-488f-ba64-c3bfc0807252,,WEST,COMMUTER,SAN DIEGO,LOS ANGELES,NONE,0,,,,,,NONE,,SANDIE,,,AMTK,26740C7F-0294-4634-9438-A420CC123ECF,0,no_engine_id,,,,,,,,,
A584,7509b601-6b71-4fc3-913e-c311446dca55,,EAST,COMMUTER,LOS ANGELES,SAN DIEGO,NONE,0,,,,,,NONE,,SANDIE,,,AMTK,332A4A89-21F2-4D47-B114-E798468E0B4A,0,no_engine_id,,,,,,,,,
A586,fbfd8b95-b48d-417c-a190-9a1981097888,,EAST,COMMUTER,LOS ANGELES,SAN DIEGO,NONE,0,,,,,,NONE,,SANDIE,,,AMTK,624FCF8D-919F-4115-8FA9-B74BA7C58C95,0,no_engine_id,,,,,,,,,
A587,7d6a41a0-75f8-4503-bb5b-eb5790d5268e,X,WEST,COMMUTER,SAN DIEGO,LOS ANGELES,2,100156,SHELF,MT1,MT1,ROUTE NAME,ASH,NONE,,SANDIE,,,AMTK,C76091B1-0B44-4BD8-9749-8CDE28A9A249,0,engine_id_without_runtime_match,,,,,,,,,
A591,70e2c702-0fce-4e1e-9902-9f826e309ce5,X,WEST,COMMUTER,SAN DIEGO,LOS ANGELES,2,100156,SHELF,MT1,MT1,ROUTE NAME,ASH,NONE,,SANDIE,,,AMTK,D5B61A09-B0F1-4436-8CB1-A4ACB84A3733,0,engine_id_without_runtime_match,,,,,,,,,
A593,c63fca6e-6953-4c36-8e2c-3991a7d4d978,X,WEST,COMMUTER,SAN DIEGO,LOS ANGELES,2,100156,SHELF,MT1,MT1,ROUTE NAME,ASH,NONE,,SANDIE,,,AMTK,175EA6B9-9B8E-4AF7-9F40-785F6F169F73,0,engine_id_without_runtime_match,,,,,,,,,
A594,18276e07-0130-43da-953d-2728e5f9c1eb,,EAST,COMMUTER,LOS ANGELES,SAN DIEGO,NONE,0,,,,,,NONE,,SANDIE,,,AMTK,58D10834-EF76-4D8A-B214-E708C1BE3052,0,no_engine_id,,,,,,,,,
A595,2e3e748f-c33c-4798-af17-288d10b9fb34,X,WEST,COMMUTER,SAN DIEGO,LOS ANGELES,2,100156,SHELF,MT1,MT1,ROUTE NAME,ASH,NONE,,SANDIE,,,AMTK,9569B2B9-0653-48EB-89A9-968E30C8F813,0,engine_id_without_runtime_match,,,,,,,,,
A597,b35bd0fa-6781-4d33-b50b-62b5797f7489,,WEST,COMMUTER,SAN DIEGO,LOS ANGELES,NONE,0,,,,,,NONE,,SANDIE,,,AMTK,1A738EC2-180E-4613-8A8D-8655A20BC132,0,no_engine_id,,,,,,,,,
A761,13436b8b-5570-4688-bc75-341af7212463,AMTK 6904,WEST,COMMUTER,SAN DIEGO,LOS ANGELES,2,100156,SHELF,MT1,MT1,ROUTE NAME,ASH,NONE,,SANDIE,,,AMTK,D4FDEE27-878E-40FA-BB17-26F44A28906B,0,exact_engine_to_loco_match,AMTK 6904,,2026-03-23 오후 6:57:08,BOS_ICD_3_0,,,,,
A765,6f64852d-003a-41eb-8eee-a99496dc34d5,AMTK 6908,WEST,COMMUTER,SAN DIEGO,LOS ANGELES,2,100156,SHELF,MT1,MT1,ROUTE NAME,ASH,NONE,,SANDIE,,,AMTK,984FC0DE-4BBB-4995-8FAC-FE7D9CEF739D,0,exact_engine_to_loco_match,AMTK 6908,,2026-03-23 오후 3:53:09,BOS_ICD_3_0,,,,,
A769,ad5beb94-288a-4f77-906a-d7c7a7b626ea,X,WEST,COMMUTER,SAN DIEGO,LOS ANGELES,2,100156,SHELF,MT1,MT1,ROUTE NAME,ASH,NONE,,SANDIE,,,AMTK,DCE9D909-1FAB-431D-8CF6-5296E9D75C91,0,engine_id_without_runtime_match,,,,,,,,,
A770,f9bac046-2be5-4cf9-8d00-b24060ff0338,X,EAST,COMMUTER,LOS ANGELES,SAN DIEGO,2,100921,SHELF,MT1,MT1,ROUTE NAME,SONGS,NONE,,SANDIE,,,AMTK,90BD8C83-7897-4069-812B-67B10FD2E364,0,engine_id_without_runtime_match,,,,,,,,,
A774,1ef5bdf9-6f1e-4f8f-967c-09bd698d5c7a,,EAST,COMMUTER,LOS ANGELES,SAN DIEGO,NONE,0,,,,,,NONE,,SANDIE,,,AMTK,EB782479-5D71-4F05-B2E7-D028DB84D2AF,0,no_engine_id,,,,,,,,,
A777,1f733ec4-228a-4851-881c-54856df38ab7,X,WEST,COMMUTER,SAN DIEGO,LOS ANGELES,2,100156,SHELF,MT1,MT1,ROUTE NAME,ASH,NONE,,SANDIE,,,AMTK,81F67928-C2CD-438F-8453-65570504D6D5,0,engine_id_without_runtime_match,,,,,,,,,
A782,d939a007-9cc4-48d6-a521-4b55c3c095b3,,EAST,COMMUTER,LOS ANGELES,SAN DIEGO,NONE,0,,,,,,NONE,,SANDIE,,,AMTK,2CFBE3C7-4E90-4353-9588-111FD63834EF,0,no_engine_id,,,,,,,,,
A785,f0777156-34d4-4bf4-bffc-59d2877bc95f,X,WEST,COMMUTER,SAN DIEGO,LOS ANGELES,2,100156,SHELF,MT1,MT1,ROUTE NAME,ASH,NONE,,SANDIE,,,AMTK,7953175C-EB51-4B83-87E4-88CA19831306,0,engine_id_without_runtime_match,,,,,,,,,
A790,172d988e-fe48-44ea-b49b-ac713ed9383f,,EAST,COMMUTER,LOS ANGELES,SAN DIEGO,NONE,0,,,,,,NONE,,SANDIE,,,AMTK,FC7CA962-122E-4E8B-A8FD-C4BB664187BD,0,no_engine_id,,,,,,,,,
A799,4d3761a7-bea0-44aa-9cc3-440646be75e8,,WEST,COMMUTER,SAN DIEGO,LOS ANGELES,NONE,0,,,,,,NONE,,SANDIE,,,AMTK,51A7134C-700C-4DDF-9806-2C9002E185B0,0,no_engine_id,,,,,,,,,
BNSF 6161,46F9A136-DEBA-4832-AC03-859FFBB44DE3,BNSF 6161,EAST,FREIGHT,,,0,0,,,,,,,ACTIVE,,,,BNSF,534EF0A6-6A37-40E8-8D55-D5F759E2DB5A,0,exact_engine_to_loco_match,BNSF 6161,,2025-01-14 오후 8:18:09,BOS_ICD_3_0,,,,,
BNSFTEST,CFB1C8FF-922C-40B5-8186-6B9EC7BF9348,BNSF 6562,EAST,FREIGHT,,,0,0,,,,,,,INACTIVE,,,,BNSF,3DD5473B-F18B-42AB-96EB-E20F5178F9D2,0,exact_engine_to_loco_match,BNSF 6562,,2024-04-24 오후 9:59:41,BOS_ICD_3_0,,,,,
C22DH,03443EAF-486B-4E85-8DDE-F2969450CD27,NCTC 2304,EAST,COMMUTER,,,0,0,,,,,,,,,,,NCTC,3F2787A5-C74B-4301-97B6-9E9CE4233292,0,exact_engine_to_loco_match,NCTC 2304,,2026-01-22 오후 10:57:30,,,,,,
C620,b2875b8d-02ff-4630-9c4c-802385bc7d84,NCTC 2309,EAST,COMMUTER,OCEANSIDE,SAN DIEGO,0,0,,,,,,NONE,,SANDIE,,,NCTC,C4E423C6-27CB-47E4-B776-6FE87EB5ECB7,0,exact_engine_to_loco_match,NCTC 2309,,2026-03-24 오전 9:05:22,BOS_ICD_3_0,Pass,6.3.24.11,,,
C620DH,e7c7127c-0755-40ac-b9eb-f0ce8e6bf583,NCTC 2309,EAST,COMMUTER,OCEANSIDE,SAN DIEGO,0,0,,,,,,NONE,,SANDIE,,,NCTC,C15BE7AD-0506-40E4-B53F-805DD998C371,0,exact_engine_to_loco_match,NCTC 2309,,2026-03-24 오전 9:05:22,BOS_ICD_3_0,Pass,6.3.24.11,,,
C621,37a356b3-be10-435b-a5be-30fea85b1a1d,NCTC 5001,WEST,COMMUTER,SAN DIEGO,OCEANSIDE,0,0,,,,,,NONE,,SANDIE,,,NCTC,05C23EAC-D63B-4456-B477-05BD0F1DD3EA,0,exact_engine_to_loco_match,NCTC 5001,,2026-03-24 오전 9:05:44,BOS_ICD_3_0,Pass,6.3.24.11,,,
C622,6430a30b-0dc8-418d-8f77-96c157c600dc,NCTC 2308,EAST,COMMUTER,OCEANSIDE,SAN DIEGO,0,0,,,,,,NONE,,SANDIE,,,NCTC,2DBF5D21-6AE1-41F0-9B4E-298B40A6064F,0,exact_engine_to_loco_match,NCTC 2308,,2026-03-24 오전 9:05:32,BOS_ICD_3_0,Pass,6.3.24.11,,,
C622DH,e052e88c-588b-493c-88ae-58a4811e103e,NCTC 2308,EAST,COMMUTER,OCEANSIDE,SAN DIEGO,0,0,,,,,,NONE,,SANDIE,,,NCTC,6B1EF8CD-6D7D-4F3C-B0BC-9E94A78ABEFD,0,exact_engine_to_loco_match,NCTC 2308,,2026-03-24 오전 9:05:32,BOS_ICD_3_0,Pass,6.3.24.11,,,
C623,f0cb5d19-d7dc-43de-a00f-eb4768d70d27,NCTC 5005,WEST,COMMUTER,SAN DIEGO,OCEANSIDE,0,0,,,,,,NONE,,SANDIE,,,NCTC,E1D64CC1-0207-49A1-A119-ED3EBAB562FB,0,exact_engine_to_loco_match,NCTC 5005,,2026-03-24 오전 9:05:43,BOS_ICD_3_0,Pass,6.3.24.11,,,
C624,b5595396-4a56-4993-bb27-e70e09c9719b,NCTC 2306,EAST,COMMUTER,OCEANSIDE,SAN DIEGO,0,0,,,,,,NONE,,SANDIE,,,NCTC,347AE0BD-ACD5-439D-BE2D-B3EDDCFD319D,0,exact_engine_to_loco_match,NCTC 2306,,2026-03-24 오전 9:05:27,BOS_ICD_3_0,Pass,6.3.24.11,,,
C624DH,0d7723a9-d252-4843-a24d-74deaec783fb,NCTC 2306,EAST,COMMUTER,OCEANSIDE,SAN DIEGO,0,0,,,,,,NONE,,SANDIE,,,NCTC,790AE1D5-646C-4A06-BD1B-51E1C386F86C,0,exact_engine_to_loco_match,NCTC 2306,,2026-03-24 오전 9:05:27,BOS_ICD_3_0,Pass,6.3.24.11,,,
C625,822c6969-eaa8-41a2-b9e4-3dade859e60c,NCTC 5006,WEST,COMMUTER,SAN DIEGO,OCEANSIDE,0,0,,,,,,NONE,,SANDIE,,,NCTC,88D12E8E-9A83-4A38-AB50-17ACF25A15FB,0,exact_engine_to_loco_match,NCTC 5006,,2026-03-24 오전 9:05:42,BOS_ICD_3_0,Pass,6.3.24.11,,,
C626,d7ec1377-cb41-488b-b0b2-e330aead453b,NCTC 2309,EAST,COMMUTER,OCEANSIDE,SAN DIEGO,0,0,,,,,,NONE,,SANDIE,,,NCTC,3244A823-B1B3-47B8-AAB8-4242C7BBBCC3,0,exact_engine_to_loco_match,NCTC 2309,,2026-03-24 오전 9:05:22,BOS_ICD_3_0,Pass,6.3.24.11,,,
C627,62577867-83af-4853-ba52-40320a385ffa,NCTC 5001,WEST,COMMUTER,SAN DIEGO,OCEANSIDE,0,0,,,,,,NONE,,SANDIE,,,NCTC,21EBDE18-035D-4E34-B96F-D42DFFF94CA3,0,exact_engine_to_loco_match,NCTC 5001,,2026-03-24 오전 9:05:44,BOS_ICD_3_0,Pass,6.3.24.11,,,
C627DH,7459c80e-9c6b-4d75-8594-de455db7f1ef,NCTC 5001,WEST,COMMUTER,SAN DIEGO,OCEANSIDE,0,0,,,,,,NONE,,SANDIE,,,NCTC,4FF49FFC-BB05-4902-8994-23E4ABA28BE6,0,exact_engine_to_loco_match,NCTC 5001,,2026-03-24 오전 9:05:44,BOS_ICD_3_0,Pass,6.3.24.11,,,
C628,34b1ba22-be6b-4fe9-9317-56469f937290,NCTC 423,EAST,COMMUTER,OCEANSIDE,SAN DIEGO,0,0,,,,,,NONE,,SANDIE,,,NCTC,3A96EDF9-E2E9-4E04-8356-203E9C1E1349,0,exact_engine_to_loco_match,NCTC 423,,2026-03-24 오전 9:05:34,BOS_ICD_3_0,Pass,6.3.24.11,,,
C628DH,1597c2cd-ecf4-4947-b8f5-641acd04994c,NCTC 423,EAST,COMMUTER,OCEANSIDE,SAN DIEGO,0,0,,,,,,NONE,,SANDIE,,,NCTC,EE3112D1-2C85-445D-8DA0-92CA714687E1,0,exact_engine_to_loco_match,NCTC 423,,2026-03-24 오전 9:05:34,BOS_ICD_3_0,Pass,6.3.24.11,,,
C629,3d1cbd74-902b-4363-857b-bd658a53cfe8,NCTC 5008,WEST,COMMUTER,SAN DIEGO,OCEANSIDE,0,0,,,,,,NONE,,SANDIE,,,NCTC,E3DE38A8-CAF6-49B7-9A77-54B693418B59,0,exact_engine_to_loco_match,NCTC 5008,,2026-03-24 오전 9:05:02,BOS_ICD_3_0,Pass,6.3.24.11,,,
C63,0E8F03B8-A4E6-49A6-9C71-97D174DA21AD,,EAST,COMMUTER,,,0,0,,,,,,,,,,,NCTC,BC8F3A51-E8C0-42A2-A903-63CA6000EF05,0,no_engine_id,,,,,,,,,
C630,be903e43-bacd-4d05-a2ba-e6645a8770b1,NCTC 2308,EAST,COMMUTER,OCEANSIDE,SAN DIEGO,0,0,,,,,,NONE,,SANDIE,,,NCTC,0D582B8F-082D-4798-846D-34B8C53DF111,0,exact_engine_to_loco_match,NCTC 2308,,2026-03-24 오전 9:05:32,BOS_ICD_3_0,Pass,6.3.24.11,,,
C631,add89919-62dd-4c37-b642-d4bd5f0a791b,NCTC 5005,WEST,COMMUTER,SAN DIEGO,OCEANSIDE,0,0,,,,,,NONE,,SANDIE,,,NCTC,B4D16CC8-37F8-49CB-9337-BD9E31E71A46,0,exact_engine_to_loco_match,NCTC 5005,,2026-03-24 오전 9:05:43,BOS_ICD_3_0,Pass,6.3.24.11,,,
C632,113de0c5-4e79-4b13-ad37-6b0143666707,NCTC 2306,EAST,COMMUTER,OCEANSIDE,SAN DIEGO,0,0,,,,,,NONE,,SANDIE,,,NCTC,40CE649F-D7AF-46DD-905D-9BE2D354E8AE,0,exact_engine_to_loco_match,NCTC 2306,,2026-03-24 오전 9:05:27,BOS_ICD_3_0,Pass,6.3.24.11,,,
C633,82316c2b-cef9-48e2-97ee-2f1842fd0af5,NCTC 5006,WEST,COMMUTER,SAN DIEGO,OCEANSIDE,0,0,,,,,,NONE,,SANDIE,,,NCTC,D4C8E351-827C-4289-A755-0124DA34E8E6,0,exact_engine_to_loco_match,NCTC 5006,,2026-03-24 오전 9:05:42,BOS_ICD_3_0,Pass,6.3.24.11,,,
C634,b62cf9a3-95c9-4af3-b7ac-4806dbc982d0,NCTC 423,EAST,COMMUTER,OCEANSIDE,SAN DIEGO,0,0,,,,,,NONE,,SANDIE,,,NCTC,E108534C-688A-4685-A9DA-F1E2A663A77B,0,exact_engine_to_loco_match,NCTC 423,,2026-03-24 오전 9:05:34,BOS_ICD_3_0,Pass,6.3.24.11,,,
C635,c84514f8-151a-4bed-a773-4c42b6d32cd4,NCTC 5008,WEST,COMMUTER,SAN DIEGO,OCEANSIDE,0,0,,,,,,NONE,,SANDIE,,,NCTC,EB4DB8FF-E413-4B1A-B6CE-B64004E5C9FD,0,exact_engine_to_loco_match,NCTC 5008,,2026-03-24 오전 9:05:02,BOS_ICD_3_0,Pass,6.3.24.11,,,
C636,b7e6a996-18f6-4281-9bd8-2e431b4fa754,NCTC 2308,EAST,COMMUTER,OCEANSIDE,SAN DIEGO,0,0,,,,,,NONE,,SANDIE,,,NCTC,1C2F1F0E-36E8-41AA-8B54-7E10FCBA005C,0,exact_engine_to_loco_match,NCTC 2308,,2026-03-24 오전 9:05:32,BOS_ICD_3_0,Pass,6.3.24.11,,,
C637,798761f2-4b14-4402-8515-86b7aa94e217,NCTC 5005,WEST,COMMUTER,SAN DIEGO,OCEANSIDE,0,0,,,,,,NONE,,SANDIE,,,NCTC,51C1527B-3947-43FC-A7F0-88141AE350B7,0,exact_engine_to_loco_match,NCTC 5005,,2026-03-24 오전 9:05:43,BOS_ICD_3_0,Pass,6.3.24.11,,,
C638,00aae270-8ae6-45aa-927d-ce45198910ec,NCTC 2309,EAST,COMMUTER,OCEANSIDE,SAN DIEGO,0,0,,,,,,NONE,,SANDIE,,,NCTC,FD0251A1-6CAA-4FAF-BE43-754E53778E97,0,exact_engine_to_loco_match,NCTC 2309,,2026-03-24 오전 9:05:22,BOS_ICD_3_0,Pass,6.3.24.11,,,
C638DH,8037006c-c755-453b-be7f-03a662c1b41a,NCTC 2309,EAST,COMMUTER,OCEANSIDE,SAN DIEGO,0,0,,,,,,NONE,,SANDIE,,,NCTC,92AE0297-CB86-446C-A3BA-296E7DF75F28,0,exact_engine_to_loco_match,NCTC 2309,,2026-03-24 오전 9:05:22,BOS_ICD_3_0,Pass,6.3.24.11,,,
C639,c341dc2c-96d8-445f-8689-cdef7caa9f16,NCTC 5001,WEST,COMMUTER,SAN DIEGO,OCEANSIDE,0,0,,,,,,NONE,,SANDIE,,,NCTC,FEEE41E1-00A7-45B6-A801-A6A098FE1678,0,exact_engine_to_loco_match,NCTC 5001,,2026-03-24 오전 9:05:44,BOS_ICD_3_0,Pass,6.3.24.11,,,
C639DH,d987518f-3a8b-4b17-907c-e12f06f30048,NCTC 5001,WEST,COMMUTER,SAN DIEGO,OCEANSIDE,0,0,,,,,,NONE,,SANDIE,,,NCTC,1ABDF7A2-FCD2-4A98-A384-E05992D9F96E,0,exact_engine_to_loco_match,NCTC 5001,,2026-03-24 오전 9:05:44,BOS_ICD_3_0,Pass,6.3.24.11,,,
C640,cfc31b0f-aa7b-4eea-9a12-98b475136b37,NCTC 2306,EAST,COMMUTER,OCEANSIDE,SAN DIEGO,0,0,,,,,,NONE,,SANDIE,,,NCTC,7B1678E0-5A1D-47C8-B581-A9A750A176B7,0,exact_engine_to_loco_match,NCTC 2306,,2026-03-24 오전 9:05:27,BOS_ICD_3_0,Pass,6.3.24.11,,,
C641,de8632ce-76fe-4537-8b8f-1f9a5cca9adc,NCTC 5006,WEST,COMMUTER,SAN DIEGO,SAN DIEGO,0,0,,,,,,NONE,,SANDIE,,,NCTC,EDBF0261-2EFD-4254-BF2D-388B64F417DE,0,exact_engine_to_loco_match,NCTC 5006,,2026-03-24 오전 9:05:42,BOS_ICD_3_0,Pass,6.3.24.11,,,
C642,5f797cae-20ef-40c7-8e8b-38a8c09e540c,NCTC 423,EAST,COMMUTER,OCEANSIDE,SAN DIEGO,0,0,,,,,,NONE,,SANDIE,,,NCTC,0C07BECF-897A-4458-8C1A-72C06FD31689,0,exact_engine_to_loco_match,NCTC 423,,2026-03-24 오전 9:05:34,BOS_ICD_3_0,Pass,6.3.24.11,,,
C643,88dd15d1-c212-4a37-a26e-bc8ce8436530,NCTC 5008,WEST,COMMUTER,SAN DIEGO,OCEANSIDE,0,0,,,,,,NONE,,SANDIE,,,NCTC,13927011-EDE0-412D-8708-28C8A8EECEA8,0,exact_engine_to_loco_match,NCTC 5008,,2026-03-24 오전 9:05:02,BOS_ICD_3_0,Pass,6.3.24.11,,,
C643DH,918e9026-6e2c-4fc1-872a-981397449738,,WEST,COMMUTER,SAN DIEGO,OCEANSIDE,NONE,0,,,,,,NONE,,SANDIE,,,NCTC,1B362067-E70B-4AA8-B27C-916794DF4387,0,no_engine_id,,,,,,,,,
C644,57250621-4129-4a75-9ea2-a98d449f289a,NCTC 2308,EAST,COMMUTER,OCEANSIDE,SAN DIEGO,0,0,,,,,,NONE,,SANDIE,,,NCTC,F70CCD4E-A55F-4F32-A3CD-3C95645E0D8B,0,exact_engine_to_loco_match,NCTC 2308,,2026-03-24 오전 9:05:32,BOS_ICD_3_0,Pass,6.3.24.11,,,
C645,e81cb87b-6fe9-463b-b228-9975c5544996,NCTC 5005,WEST,COMMUTER,SAN DIEGO,OCEANSIDE,0,0,,,,,,NONE,,SANDIE,,,NCTC,913764EA-15F2-4E70-BE2C-D92B8C856FB4,0,exact_engine_to_loco_match,NCTC 5005,,2026-03-24 오전 9:05:43,BOS_ICD_3_0,Pass,6.3.24.11,,,
C645DH,f5eae51b-3466-419e-8777-2970f9e63e4f,NCTC 5005,WEST,COMMUTER,SAN DIEGO,OCEANSIDE,0,0,,,,,,NONE,,SANDIE,,,NCTC,3FA0D271-FB43-4273-96EA-E4CAB69924CD,0,exact_engine_to_loco_match,NCTC 5005,,2026-03-24 오전 9:05:43,BOS_ICD_3_0,Pass,6.3.24.11,,,
C646,c24512fb-36e9-4527-8660-9c1e8d552188,NCTC 2306,EAST,COMMUTER,OCEANSIDE,OCEANSIDE,0,0,,,,,,NONE,,SANDIE,,,NCTC,CA8E1ECB-BD8C-4C26-AFDE-7FA05A7C09E3,0,exact_engine_to_loco_match,NCTC 2306,,2026-03-24 오전 9:05:27,BOS_ICD_3_0,Pass,6.3.24.11,,,
C647,2ed8830a-70a3-4e63-bf7e-1c1ee39ece25,NCTC 5006,WEST,COMMUTER,SAN DIEGO,OCEANSIDE,0,0,,,,,,NONE,,SANDIE,,,NCTC,DA2A77B6-8830-4AA1-BD60-E68E10F1E812,0,exact_engine_to_loco_match,NCTC 5006,,2026-03-24 오전 9:05:42,BOS_ICD_3_0,Pass,6.3.24.11,,,
C647DH,f35b160f-b42b-45cd-8a47-c01e94f2dbfb,NCTC 5006,WEST,COMMUTER,SAN DIEGO,OCEANSIDE,0,0,,,,,,NONE,,SANDIE,,,NCTC,EA812D44-6273-4E9F-BA22-816474935B60,0,exact_engine_to_loco_match,NCTC 5006,,2026-03-24 오전 9:05:42,BOS_ICD_3_0,Pass,6.3.24.11,,,
C648,965d2a4f-9289-4a22-ab79-17f16c6e7bd1,NCTC 423,EAST,COMMUTER,OCEANSIDE,SAN DIEGO,0,0,,,,,,NONE,,SANDIE,,,NCTC,4326B5F5-2647-4700-A44F-D1492346D45D,0,exact_engine_to_loco_match,NCTC 423,,2026-03-24 오전 9:05:34,BOS_ICD_3_0,Pass,6.3.24.11,,,
C649,16672d1e-124e-4251-926b-42957b7a15d3,NCTC 5008,WEST,COMMUTER,SAN DIEGO,OCEANSIDE,0,0,,,,,,NONE,,SANDIE,,,NCTC,704A6187-4E96-4ABF-B6C7-DD15614AC39F,0,exact_engine_to_loco_match,NCTC 5008,,2026-03-24 오전 9:05:02,BOS_ICD_3_0,Pass,6.3.24.11,,,
C649DH,46b02176-3935-4386-adcf-0e59da4ca586,NCTC 5008,WEST,COMMUTER,SAN DIEGO,OCEANSIDE,0,0,,,,,,NONE,,SANDIE,,,NCTC,0274CAF7-68E8-496B-96D4-4CF1830A2B6B,0,exact_engine_to_loco_match,NCTC 5008,,2026-03-24 오전 9:05:02,BOS_ICD_3_0,Pass,6.3.24.11,,,
C650,3cb44e08-0e64-44ef-b931-37810172a48d,,EAST,COMMUTER,OCEANSIDE,SAN DIEGO,NONE,0,,,,,,NONE,,SANDIE,,,NCTC,F53A6112-1152-4E01-9D08-B6ACFC9C2D02,0,no_engine_id,,,,,,,,,
C650DH,2030f4a7-cac6-4352-970b-29ae31977766,,EAST,COMMUTER,OCEANSIDE,SAN DIEGO,NONE,0,,,,,,NONE,,SANDIE,,,NCTC,F3379890-6860-45F7-BBAD-A7E2428BE52F,0,no_engine_id,,,,,,,,,
C651,7d54a5d7-a8e0-4ce4-b61d-cdb01e900a5c,,WEST,COMMUTER,SAN DIEGO,OCEANSIDE,NONE,0,,,,,,NONE,,SANDIE,,,NCTC,ACCCD669-B3A3-4E05-8E29-0DB3160EDDEC,0,no_engine_id,,,,,,,,,
C651DH,3436dc4f-662f-4fd9-9c17-ad6128d9eb6b,,WEST,COMMUTER,SAN DIEGO,OCEANSIDE,NONE,0,,,,,,NONE,,SANDIE,,,NCTC,7AD9ED5E-6F87-4CDF-94D5-722DBC2E19D3,0,no_engine_id,,,,,,,,,
C653,e8d8ddc6-5d0b-4c16-8b9a-fab9ea8df6e4,,WEST,COMMUTER,SAN DIEGO,OCEANSIDE,NONE,0,,,,,,NONE,,SANDIE,,,NCTC,9491C455-80FD-4BEC-8094-3BE52CC584D1,0,no_engine_id,,,,,,,,,
C654,c259fa96-0245-4dca-abb7-0c2faf50d661,,EAST,COMMUTER,OCEANSIDE,SAN DIEGO,NONE,0,,,,,,NONE,,SANDIE,,,NCTC,480FD64F-D849-4B0D-99C5-DEE0B136D438,0,no_engine_id,,,,,,,,,
C655,954b07c1-4513-453b-a3ea-598b1d4d875d,,WEST,COMMUTER,SAN DIEGO,OCEANSIDE,NONE,0,,,,,,NONE,,SANDIE,,,NCTC,01534428-F26B-47CB-B7EA-E81822C8D3ED,0,no_engine_id,,,,,,,,,
C660,4d884cb6-5ed9-4e49-ab0f-80597c7711ff,,EAST,COMMUTER,OCEANSIDE,SAN DIEGO,NONE,0,,,,,,NONE,,SANDIE,,,NCTC,8031BAF2-0854-41DE-8F49-B4ABAFEFD5CB,0,no_engine_id,,,,,,,,,
C663,7112bb3d-1d0c-4b54-a143-6268f0a8acb3,,WEST,COMMUTER,SAN DIEGO,OCEANSIDE,NONE,0,,,,,,NONE,,SANDIE,,,NCTC,8F4702A2-3C18-484A-9542-914B462372DA,0,no_engine_id,,,,,,,,,
C663DH,842b3999-bc6d-4356-9aca-b3dba18973ff,,WEST,COMMUTER,SAN DIEGO,OCEANSIDE,NONE,0,,,,,,NONE,,SANDIE,,,NCTC,2368203B-1580-4F94-A819-D0F28B18721D,0,no_engine_id,,,,,,,,,
C664DH,6950e934-a4b8-47c8-a207-2923e1a0ce9c,,EAST,COMMUTER,OCEANSIDE,SAN DIEGO,NONE,0,,,,,,NONE,,SANDIE,,,NCTC,0568522E-CAE6-4A11-ACC5-404ECC315F77,0,no_engine_id,,,,,,,,,
C665,ecb2a94a-c665-4728-a708-f000ff4c908b,,WEST,COMMUTER,SAN DIEGO,OCEANSIDE,NONE,0,,,,,,NONE,,SANDIE,,,NCTC,04A45F6B-A155-4745-B3E9-18C20E210454,0,no_engine_id,,,,,,,,,
C665DH,3af13814-5c6b-4540-8124-81916bc4abb1,,WEST,COMMUTER,SAN DIEGO,OCEANSIDE,NONE,0,,,,,,NONE,,SANDIE,,,NCTC,638145EE-A5E7-43CC-9D6F-769E518A3ACE,0,no_engine_id,,,,,,,,,
C677DH,40a284e1-20bb-4250-ab95-65edbf1ee254,,WEST,COMMUTER,SAN DIEGO,SAN DIEGO,NONE,0,,,,,,NONE,,SANDIE,,,NCTC,EFC9E5B4-BE29-4F2D-A4A6-3D9ED7944E27,0,no_engine_id,,,,,,,,,
C679DH,20f3cc01-a7ea-4195-a687-092107ef4b05,NCTC 5006,WEST,COMMUTER,SAN DIEGO,OCEANSIDE,0,0,,,,,,NONE,,SANDIE,,,NCTC,AB05FE67-C2F8-4A0F-81E0-573E5E40AEF7,0,exact_engine_to_loco_match,NCTC 5006,,2026-03-24 오전 9:05:42,BOS_ICD_3_0,Pass,6.3.24.11,,,
C680DH,c64a5c8e-f49b-44f5-9ef9-5d6463d687cf,,EAST,COMMUTER,OCEANSIDE,SAN DIEGO,NONE,0,,,,,,NONE,,SANDIE,,,NCTC,1803C1B8-A992-4FE2-82D1-4DC2DA0B9399,0,no_engine_id,,,,,,,,,
C682DH,516a3922-982f-4a7d-98d6-e8f3bd2ee041,,EAST,COMMUTER,OCEANSIDE,SAN DIEGO,NONE,0,,,,,,NONE,,SANDIE,,,NCTC,64885F7E-6B23-460D-8ED7-CC7E3E57ED43,0,no_engine_id,,,,,,,,,
C684DH,7cba715e-1c24-4915-b324-56ac92c518b8,,EAST,COMMUTER,OCEANSIDE,SAN DIEGO,NONE,0,,,,,,NONE,,SANDIE,,,NCTC,1A3E22AC-A3AC-435C-9915-FADD1BA7A52B,0,no_engine_id,,,,,,,,,
C690DH,a6af5290-ddcc-47b0-8c05-3c9bfd6c7108,,EAST,COMMUTER,OCEANSIDE,SAN DIEGO,0,0,,,,,,NONE,,SANDIE,,,NCTC,11CC9D1E-37A1-423B-A452-788FB1A2C4D2,0,no_engine_id,,,,,,,,,
C692,b5b2925f-5ba1-4315-b47c-2adeb5db1c11,,EAST,COMMUTER,OCEANSIDE,SAN DIEGO,NONE,0,,,,,,NONE,,SANDIE,,,NCTC,4D629ABC-8E67-4562-A585-889C0C11BC0B,0,no_engine_id,,,,,,,,,
C693,ca040399-6a2c-4de3-93f0-f5df0057746a,,WEST,COMMUTER,SAN DIEGO,OCEANSIDE,NONE,0,,,,,,NONE,,SANDIE,,,NCTC,0BB74940-52EC-466D-9228-F2D0998F5B37,0,no_engine_id,,,,,,,,,
C694,0635a1c7-82e7-4fda-8027-d0e10f62e612,,EAST,COMMUTER,OCEANSIDE,SAN DIEGO,NONE,0,,,,,,NONE,,SANDIE,,,NCTC,26E31ABF-C4FC-4C2C-9364-36EC4EB6FD05,0,no_engine_id,,,,,,,,,
C696,a1c6fb2c-d844-4993-84e0-dad9f2d70f73,NCTC 2308,EAST,COMMUTER,OCEANSIDE,SAN DIEGO,0,0,,,,,,NONE,,SANDIE,,,NCTC,16CB3500-69E8-43F8-B02E-F30121137F6D,0,exact_engine_to_loco_match,NCTC 2308,,2026-03-24 오전 9:05:32,BOS_ICD_3_0,Pass,6.3.24.11,,,
C697DHEQ,F4DF1D73-E4DC-4C8F-9BD5-FBDAE99D65F4,NCTC 5004,WEST,COMMUTER,,,0,0,,,,,,,,,,,NCTC,90CF7483-672F-46F2-BC7E-B1332687219A,0,exact_engine_to_loco_match,NCTC 5004,,2026-03-24 오전 9:05:44,BOS_ICD_3_0,Pass,6.3.24.11,,,
C698,54e13895-4694-4c1d-b8c4-b48598a652a8,,EAST,COMMUTER,OCEANSIDE,SAN DIEGO,NONE,0,,,,,,NONE,,SANDIE,,,NCTC,68247F5A-808A-4896-8AF4-0CBB81986A97,0,no_engine_id,,,,,,,,,
C699,3e141b5e-5c8d-4332-889d-1cab75dbe7a7,,WEST,COMMUTER,SAN DIEGO,OCEANSIDE,0,0,,,,,,NONE,,SANDIE,,,NCTC,7AE052EB-E84A-4322-A305-8D2A3C3A08D4,0,no_engine_id,,,,,,,,,
C699DH,6da45732-5cae-4065-aa9d-e50e6716d43c,,WEST,COMMUTER,SAN DIEGO,OCEANSIDE,NONE,0,,,,,,NONE,,SANDIE,,,NCTC,18C4372A-0EF9-4CB1-AEE4-3AC0A42ED3BE,0,no_engine_id,,,,,,,,,
DESK,463A7B9F-FEA0-4EB5-9BED-4D5E175130BA,DESK,WEST,UNKNOWN,,,1,200578,SHELF 2,MAIN,MAIN,NONE,AVO,,,,,,NCTC,52844D78-9452-4D2C-842A-58FC424FBE4A,0,engine_id_without_runtime_match,,,,,,,,,
DHEQ699,1e1f6078-ed91-4933-a0ca-4a72bb5dfe67,,EAST,COMMUTER,OCEANSIDE,SAN DIEGO,NONE,0,,,,,,NONE,,SANDIE,,,NCTC,08D481DE-3B7E-40EE-9C7D-800159830D0F,0,no_engine_id,,,,,,,,,
E02,3CD0918B-46BF-4C2B-B986-8ECA6F777A88,,EAST,HYBRID,,,0,200859,SHELF 2,MAIN,MAIN,ROUTE NAME,OCEAN,,,,,,NCTS,4C6E19B9-60BF-4CA8-A623-75F2C75B1D98,0,no_engine_id,,,,,,,,,
E04,62CBC344-2B67-49CF-AAF4-CEB6AE556606,,EAST,HYBRID,,,0,200859,SHELF 2,MAIN,MAIN,ROUTE NAME,OCEAN,,,,,,NCTS,8832CC85-08D5-45CB-B6B0-B343A9B33F66,0,no_engine_id,,,,,,,,,
E06,3289A2BA-6A3B-4E19-AA71-9A3956B6D00B,,EAST,HYBRID,,,0,200859,SHELF 2,MAIN,MAIN,ROUTE NAME,OCEAN,,,,,,NCTS,B68D3B4A-649F-4104-9FE0-20BED284402F,0,no_engine_id,,,,,,,,,
E08,8B5FB60F-3387-4A78-9EAB-B5CA9D309865,,EAST,HYBRID,,,0,200859,SHELF 2,MAIN,MAIN,ROUTE NAME,OCEAN,,,,,,NCTS,DA11061B-32DD-4E16-A42B-99CCD76A80B2,0,no_engine_id,,,,,,,,,
E10,BFF0ECD8-6A3A-40A1-91DA-E0CBA266D3A2,,EAST,HYBRID,,,0,200859,SHELF 2,MAIN,MAIN,ROUTE NAME,OCEAN,,,,,,NCTS,34ECC5FA-8CB9-4AE8-B52D-67B5195CF60D,0,no_engine_id,,,,,,,,,
E12,E0E1B619-FEB7-480D-934C-464EEC9A923D,,EAST,HYBRID,,,0,200859,SHELF 2,MAIN,MAIN,ROUTE NAME,OCEAN,,,,,,NCTS,C43EB68F-1F06-4932-A224-BF27A8C9138A,0,no_engine_id,,,,,,,,,
E14,D8F83BFE-ED8E-4E65-812F-516B81153BF1,,EAST,HYBRID,,,0,200859,SHELF 2,MAIN,MAIN,ROUTE NAME,OCEAN,,,,,,NCTS,4DD8E364-5E91-49AD-BD54-348F65788CDD,0,no_engine_id,,,,,,,,,
E16,4CC9B85B-1C49-4CCC-BCF0-7AB20CA52C70,,EAST,HYBRID,,,0,200859,SHELF 2,MAIN,MAIN,ROUTE NAME,OCEAN,,,,,,NCTS,73C989EE-99D0-4178-92EC-D84DBEAE3A67,0,no_engine_id,,,,,,,,,
E18,0B4610CE-84F0-48E1-AA1A-E96ED7879588,,EAST,HYBRID,,,0,200859,SHELF 2,MAIN,MAIN,ROUTE NAME,OCEAN,,,,,,NCTS,1BAF5754-3101-425F-AEC9-BE8CF33B1AE0,0,no_engine_id,,,,,,,,,
E20,70DFDA06-904A-4938-AFB9-B790FDD61B49,,EAST,HYBRID,,,0,200859,SHELF 2,MAIN,MAIN,ROUTE NAME,OCEAN,,,,,,NCTS,884DFF16-FEE1-4AC4-B49C-46B746B345A9,0,no_engine_id,,,,,,,,,
E22,94B2DEF4-344E-450B-8B5B-D98AD0A69540,,EAST,HYBRID,,,0,200859,SHELF 2,MAIN,MAIN,ROUTE NAME,OCEAN,,,,,,NCTS,FD647C1F-762C-4C90-A318-FB1E3C820BBE,0,no_engine_id,,,,,,,,,
E24,645E4027-6EC0-43EA-9A51-2FCFABDFAC6D,,EAST,HYBRID,,,0,200859,SHELF 2,MAIN,MAIN,ROUTE NAME,OCEAN,,,,,,NCTS,C37846A6-1EE5-40CA-B006-85FE450BDCCB,0,no_engine_id,,,,,,,,,
E26,BFD95E98-D151-4EDE-BF41-8538D0C166DA,,EAST,HYBRID,,,0,200859,SHELF 2,MAIN,MAIN,ROUTE NAME,OCEAN,,,,,,NCTS,0C17A54D-CA2A-4C58-9D78-B0180EB24C4E,0,no_engine_id,,,,,,,,,
E28,E49BF827-7A46-40C3-88A5-D3CD7F8310BB,,EAST,HYBRID,,,0,200859,SHELF 2,MAIN,MAIN,ROUTE NAME,OCEAN,,,,,,NCTS,1B60EFA5-9609-474E-80BF-8491D1CD7915,0,no_engine_id,,,,,,,,,
E30,82E9AB6D-B23C-4041-8477-64A642D95D9F,,EAST,HYBRID,,,0,200859,SHELF 2,MAIN,MAIN,ROUTE NAME,OCEAN,,,,,,NCTS,2B86FDC6-823F-4E8D-8CBD-ABDFCF157DF0,0,no_engine_id,,,,,,,,,
E32,8B8892F4-51CC-4FF9-A151-35940E951D6B,,EAST,HYBRID,,,0,200859,SHELF 2,MAIN,MAIN,ROUTE NAME,OCEAN,,,,,,NCTS,FD0CB0ED-E018-49D9-AF24-469B33072F1F,0,no_engine_id,,,,,,,,,
E34,13EAA0DE-B3ED-4CAD-ABF8-6719E1EF8D82,,EAST,HYBRID,,,0,200859,SHELF 2,MAIN,MAIN,ROUTE NAME,OCEAN,,,,,,NCTS,098998B9-004B-4A51-A2AA-DA3D93CB87C6,0,no_engine_id,,,,,,,,,
E36,8F95892A-E842-4B06-BD94-9E28DCCE5590,,EAST,HYBRID,,,0,200859,SHELF 2,MAIN,MAIN,ROUTE NAME,OCEAN,,,,,,NCTS,863FDC1A-F4FE-4EA4-A7B1-9422A7BA7E9A,0,no_engine_id,,,,,,,,,
E38,5B79B1A3-E918-4342-B608-082708BAE498,,EAST,HYBRID,,,0,200859,SHELF 2,MAIN,MAIN,ROUTE NAME,OCEAN,,,,,,NCTS,A9928ABB-2089-40AE-97E9-1C5339D6ED6C,0,no_engine_id,,,,,,,,,
E40,3DDD2436-C07A-4ECA-9CF5-AE92D88FFAC7,,EAST,HYBRID,,,0,200859,SHELF 2,MAIN,MAIN,ROUTE NAME,OCEAN,,,,,,NCTS,46B7936E-2BA2-4FC4-849B-D169AA98AF27,0,no_engine_id,,,,,,,,,
E42,0CFA6A44-9849-461A-A694-97359DBD5445,,EAST,HYBRID,,,0,200859,SHELF 2,MAIN,MAIN,ROUTE NAME,OCEAN,,,,,,NCTS,A04A2F24-527D-468D-AD4C-097CD1F92C32,0,no_engine_id,,,,,,,,,
E44,E0F437CA-28D6-4F42-9E05-C543CA9EA839,,EAST,HYBRID,,,0,200859,SHELF 2,MAIN,MAIN,ROUTE NAME,OCEAN,,,,,,NCTS,9ECBBA29-3B89-420C-9107-5C3A25B3B1F8,0,no_engine_id,,,,,,,,,
E46,1E6CFDC9-91F6-4C9A-B4D6-CD01BF2C5AC9,,EAST,HYBRID,,,0,200859,SHELF 2,MAIN,MAIN,ROUTE NAME,OCEAN,,,,,,NCTS,64B37392-9FA0-4B01-9E57-032728D3EBE5,0,no_engine_id,,,,,,,,,
E48,33BA1FF7-1445-499D-B75E-050E02771C8D,,EAST,HYBRID,,,0,200859,SHELF 2,MAIN,MAIN,ROUTE NAME,OCEAN,,,,,,NCTS,D094888D-1F63-4EE5-890E-0B0AEE2A44D2,0,no_engine_id,,,,,,,,,
E50,3F5874FC-F4B7-4847-993B-4739DD30DDAE,,EAST,HYBRID,,,0,200859,SHELF 2,MAIN,MAIN,ROUTE NAME,OCEAN,,,,,,NCTS,8072CCEA-6B95-46B3-A273-43EDE7E10B03,0,no_engine_id,,,,,,,,,
E52,EE6D846E-BCF7-471A-87E4-B5862564CB5B,,EAST,HYBRID,,,0,200859,SHELF 2,MAIN,MAIN,ROUTE NAME,OCEAN,,,,,,NCTS,BB85668C-DA24-489F-A54A-0098973ACBFA,0,no_engine_id,,,,,,,,,
E54,1DF812D1-C949-4732-86F7-90D3011F458C,,EAST,HYBRID,,,0,200859,SHELF 2,MAIN,MAIN,ROUTE NAME,OCEAN,,,,,,NCTS,A53B041D-F81C-4AC6-9FEB-2AFDB450FFFA,0,no_engine_id,,,,,,,,,
E56,AAE24138-FEB4-4FEE-B79A-3955180FA8BC,,EAST,HYBRID,,,0,200859,SHELF 2,MAIN,MAIN,ROUTE NAME,OCEAN,,,,,,NCTS,E047B97A-0EB2-4FE4-97E1-B09CBAA72341,0,no_engine_id,,,,,,,,,
E58,588A9CBB-BBC9-466C-8789-ED5ED764B675,,EAST,HYBRID,,,0,200859,SHELF 2,MAIN,MAIN,ROUTE NAME,OCEAN,,,,,,NCTS,BC3A68F3-C414-4C37-984A-1717A59207B2,0,no_engine_id,,,,,,,,,
E60,60E9CAAA-CC1F-41DB-BBBB-61FBADE76E35,,EAST,HYBRID,,,0,200859,SHELF 2,MAIN,MAIN,ROUTE NAME,OCEAN,,,,,,NCTS,7C23A145-E48C-4154-9283-18B37A8EF656,0,no_engine_id,,,,,,,,,
E60DK,0823F676-8930-47C4-A7FB-90B204EBC151,,WEST,HYBRID,,,0,0,,,,,,,,,,,NCTS,64D40BC2-4CB3-42FD-B424-3BE54C513583,0,no_engine_id,,,,,,,,,
E62,79D800FE-7D77-4E8E-B957-674A1BEE7AA7,,EAST,HYBRID,,,0,200859,SHELF 2,MAIN,MAIN,ROUTE NAME,OCEAN,,,,,,NCTS,F42541C5-D94A-4466-8DF0-AC7F7317F8E0,0,no_engine_id,,,,,,,,,
E62DH,95A2B502-561B-487B-9487-338CBD79E532,,WEST,HYBRID,,,1,200861,SHELF 2,MAIN,MAIN,NONE,AVO,,,,,,NCTS,EED68D04-ACD5-453B-ADCC-2D8DC9E42365,0,no_engine_id,,,,,,,,,
HE900,56333cc4-e469-47d2-9a66-e593b48c5da5,,EAST,COMMUTER,OCEANSIDE,SAN DIEGO,NONE,0,,,,,,NONE,,SANDIE,,,NCTC,1FDF3813-4B73-437C-9821-59A40EAAF6A1,0,no_engine_id,,,,,,,,,
HE900DH,8e31a9fc-143d-4d92-a74e-dc009904ddd0,,EAST,COMMUTER,OCEANSIDE,SAN DIEGO,NONE,0,,,,,,NONE,,SANDIE,,,NCTC,2B34CDF1-56E2-4475-A7B1-1084CF268B28,0,no_engine_id,,,,,,,,,
HE901,d0de1c7e-4b25-45b7-a0d1-1b2e9c8424d7,,WEST,COMMUTER,SAN DIEGO,OCEANSIDE,NONE,0,,,,,,NONE,,SANDIE,,,NCTC,1C72D1E9-C2C0-4F55-9328-DD102FE44BA4,0,no_engine_id,,,,,,,,,
HE902,e5dfb342-511b-44ee-af3f-9013b92511bb,,EAST,COMMUTER,OCEANSIDE,SAN DIEGO,NONE,0,,,,,,NONE,,SANDIE,,,NCTC,B577AA13-17A8-4288-9B78-CE5BE7F40F99,0,no_engine_id,,,,,,,,,
HE903,12405056-3d9c-4ae9-bf8a-83eace2be887,,WEST,COMMUTER,SAN DIEGO,OCEANSIDE,NONE,0,,,,,,NONE,,SANDIE,,,NCTC,C0F15CDA-2FEC-4E0C-A018-5E03210CD01E,0,no_engine_id,,,,,,,,,
HE904,922484b7-9b32-4272-b59c-d7aedadc0a59,,EAST,COMMUTER,OCEANSIDE,SAN DIEGO,NONE,0,,,,,,NONE,,SANDIE,,,NCTC,7A36A7B8-E2CA-4139-9656-B76F7473C98B,0,no_engine_id,,,,,,,,,
HE905,becc800d-b2ef-43ab-b355-deb80900ae7c,,WEST,COMMUTER,SAN DIEGO,OCEANSIDE,NONE,0,,,,,,NONE,,SANDIE,,,NCTC,C3063BBC-25A1-48FD-8295-FE13AD35546F,0,no_engine_id,,,,,,,,,
HE905DH,fa5547ab-db75-4f58-8f70-9783a5e3f0a9,,WEST,COMMUTER,SAN DIEGO,OCEANSIDE,NONE,0,,,,,,NONE,,SANDIE,,,NCTC,8DC18C12-AA5D-4AC1-B56B-A281C3A63BBA,0,no_engine_id,,,,,,,,,
HE906,b19cd35f-9d85-4f8f-b776-6b37859d1265,,EAST,COMMUTER,OCEANSIDE,SAN DIEGO,NONE,0,,,,,,NONE,,SANDIE,,,NCTC,91CC75EF-32C0-487A-9270-8EE72FD5CD6F,0,no_engine_id,,,,,,,,,
HE907,b8a70a1d-9c26-410b-9ddc-03ad3a9ec621,,WEST,COMMUTER,SAN DIEGO,OCEANSIDE,NONE,0,,,,,,NONE,,SANDIE,,,NCTC,C892AFC8-486C-4D67-B747-359EA79D6716,0,no_engine_id,,,,,,,,,
HE907DH,073bf7c1-383b-4c38-88f6-6a3d35170bfd,,WEST,COMMUTER,SAN DIEGO,OCEANSIDE,NONE,0,,,,,,NONE,,SANDIE,,,NCTC,8669620A-21C1-4E99-AD8F-9573AAB94B8E,0,no_engine_id,,,,,,,,,
HOLIDAY1,22eb1188-e36a-4035-9948-f3f3194a2618,,EAST,COMMUTER,OCEANSIDE,SAN DIEGO,NONE,0,,,,,,NONE,,SANDIE,,,NCTC,05FBB8DF-D0EC-4D26-999F-11F0D1F69AA5,0,no_engine_id,,,,,,,,,
HOLIDAY1DH,14be2075-fad7-44c6-938a-adf6becb4053,,EAST,COMMUTER,OCEANSIDE,SAN DIEGO,NONE,0,,,,,,NONE,,SANDIE,,,NCTC,F00C0BC4-9E09-41C2-B6A9-D0DF523A60CB,0,no_engine_id,,,,,,,,,
HOLIDAY2,6b505ace-49cd-47f6-8886-7ca755f170a3,,WEST,COMMUTER,SAN DIEGO,OCEANSIDE,NONE,0,,,,,,NONE,,SANDIE,,,NCTC,5323AEEF-B6DA-4D5A-B59B-7951F8E2EBF6,0,no_engine_id,,,,,,,,,
HOLIDAY3,02b0422f-2302-4dfc-802d-62f13869c15c,,EAST,COMMUTER,OCEANSIDE,SAN DIEGO,NONE,0,,,,,,NONE,,SANDIE,,,NCTC,F764686F-06C5-4F8A-8B95-7D520D87F1DD,0,no_engine_id,,,,,,,,,
HOLIDAY3DH,a79ad510-dfd3-422e-a755-e2664d9a8346,,EAST,COMMUTER,OCEANSIDE,SAN DIEGO,NONE,0,,,,,,NONE,,SANDIE,,,NCTC,B2B178B8-E99F-4B70-857A-E3B6CF7372EB,0,no_engine_id,,,,,,,,,
M1660,febb825f-1a4a-419d-b0bc-242fee204f34,,EAST,COMMUTER,SMF,OTC,NONE,0,,,,,,NONE,,METROLINK,,,SCAX,F1AC1443-2455-47F1-9465-7AF336E9D72F,0,no_engine_id,,,,,,,,,
M1661,57705e34-96ea-4345-ad2e-d35ce0f21697,,WEST,COMMUTER,OTC,SONGS,NONE,0,,,,,,NONE,,METROLINK,,,SCAX,B0AC9E42-82A9-4B09-BC35-EAC8F82E3ED2,0,no_engine_id,,,,,,,,,
M1661NQ,b63943f9-c129-4b9d-b690-9049122e6ac8,,EAST,COMMUTER,SMF,OTC,NONE,0,,,,,,NONE,,METROLINK,,,SCAX,BB949783-BAFE-4FD0-9F5D-0EEA245BF016,0,no_engine_id,,,,,,,,,
M1662,58915621-b72d-47e3-8703-d193b245d685,,EAST,COMMUTER,SONGS,OTC,NONE,0,,,,,,NONE,,METROLINK,,,SCAX,13D78D7C-631B-41E8-869A-61C1535B1876,0,no_engine_id,,,,,,,,,
M1663,ff2db618-6325-4ae6-9bed-5accd8deb2b6,,WEST,COMMUTER,OCEANSIDE,SONGS,NONE,0,,,,,,NONE,,METROLINK,,,SCAX,5C7E9535-5E3F-4F4C-A4F3-DC96A42678E9,0,no_engine_id,,,,,,,,,
M1664,19057052-1e2d-4456-bc3d-c00954cf8eb8,,EAST,COMMUTER,SAN DIEGO,OCEANSIDE,NONE,0,,,,,,NONE,,METROLINK,,,SCAX,5BADC88B-DE96-4437-A26C-F917ECFACE2A,0,no_engine_id,,,,,,,,,
M1665,7ddbca17-8dcf-4db2-9264-12929117ccef,,WEST,COMMUTER,OCEANSIDE,SONGS,NONE,0,,,,,,NONE,,METROLINK,,,SCAX,57BFF337-B716-4D6C-B8E5-A211D34FFE41,0,no_engine_id,,,,,,,,,
M1667,29dc71f5-b0f7-4e06-94e4-96cecab319c2,,WEST,COMMUTER,OCEANSIDE,SMF,NONE,0,,,,,,NONE,,METROLINK,,,SCAX,854F83D6-8C68-4D1B-8089-CECE45E66E80,0,no_engine_id,,,,,,,,,
M1668,6eb71c52-0f67-4f3c-b292-ee75f0377f2f,,EAST,COMMUTER,SONGS,OCEANSIDE,NONE,0,,,,,,NONE,,METROLINK,,,SCAX,1CF3952C-CF47-4E36-A192-4980EFCE9E8A,0,no_engine_id,,,,,,,,,
M1668NQ,0f057150-5135-4379-bba0-7ffdcbedf458,,WEST,COMMUTER,OCEANSIDE,SONGS,NONE,0,,,,,,NONE,,METROLINK,,,SCAX,260CFC3A-4E23-486F-AB57-2EDFEB49A0E9,0,no_engine_id,,,,,,,,,
M1857,3796390e-f4a5-4889-a564-1c4a4a3df581,,EAST,COMMUTER,SONGS,OTC,NONE,0,,,,,,NONE,,METROLINK,,,SCAX,0E1CF63E-2B30-4393-AFED-9EE0BE8F3B0F,0,no_engine_id,,,,,,,,,
M1857NQ,ee89fe9f-8a32-4528-a4e1-66426569b748,,WEST,COMMUTER,OTC,SMF,NONE,0,,,,,,NONE,,METROLINK,,,SCAX,6E10912C-E23B-4994-9363-D073B08DB83E,0,no_engine_id,,,,,,,,,
M1858,45689975-0c2a-4145-ba41-4f9994da6e21,,WEST,COMMUTER,OCEANSIDE,SONGS,NONE,0,,,,,,NONE,,METROLINK,,,SCAX,902B8FCA-CA92-4CFB-B590-82939C09D6AE,0,no_engine_id,,,,,,,,,
M1858NQ,89ae9571-d3bb-4ade-b43e-2beb4b9330fd,,EAST,COMMUTER,SONGS,OCEANSIDE,NONE,0,,,,,,NONE,,METROLINK,,,SCAX,0F659C22-4A7F-40E0-B9F8-933C659CAE11,0,no_engine_id,,,,,,,,,
M1859,d916da94-4bef-4b7b-a3c0-530d357ca3bb,,EAST,COMMUTER,SONGS,OCEANSIDE,NONE,0,,,,,,NONE,,METROLINK,,,SCAX,B774BA4B-036B-46B8-BC16-B56F19B88695,0,no_engine_id,,,,,,,,,
M1859NQ,40207dfb-eba3-4af3-a0dd-bb2d9c48d778,,WEST,COMMUTER,OCEANSIDE,SONGS,NONE,0,,,,,,NONE,,METROLINK,,,SCAX,EE2B278D-63A0-4718-9DD6-8F3D0B001281,0,no_engine_id,,,,,,,,,
M1860,146e1be9-308b-4d9d-b459-04f4b67272a8,,WEST,COMMUTER,OCEANSIDE,SONGS,NONE,0,,,,,,NONE,,METROLINK,,,SCAX,ECC99208-3451-4247-B31B-C249C5C190BE,0,no_engine_id,,,,,,,,,
M1860NQ,c633bcef-89e9-4c0e-830f-7a7c77c2063f,,EAST,COMMUTER,SONGS,OCEANSIDE,NONE,0,,,,,,NONE,,METROLINK,,,SCAX,90672BF0-3FAD-431C-BD83-925E62871CD3,0,no_engine_id,,,,,,,,,
M500,61f6d998-c1ee-4365-8a98-27ba9d641944,SCAX 617,WEST,COMMUTER,OCEANSIDE,SMF,2,100449,SHELF,MT1,MT1,ROUTE NAME,SONGS,NONE,,METROLINK,,,SCRRA,62989026-1051-41BD-AC54-4259394D832E,0,engine_id_without_runtime_match,,,,,,,,,
M501,e46a96bd-e537-4ac4-9d47-f72913561e66,,EAST,COMMUTER,SAN DIEGO,OCEANSIDE,NONE,0,,,,,,NONE,,METROLINK,,,SCAX,2F0FF4BD-FD2A-401A-A5F2-C78506A8F99E,0,no_engine_id,,,,,,,,,
M501NQ,5e5401b6-bae7-44e5-9b14-5316281ecf5e,,WEST,COMMUTER,OCEANSIDE,SMF,NONE,0,,,,,,NONE,,METROLINK,,,SCAX,5FD18FE5-18BA-46B4-A930-8183FC7C2AEF,0,no_engine_id,,,,,,,,,
M502Q,5C7D35D1-446F-42C9-8BB5-DDE2D099AF71,SCAX 938,EAST,COMMUTER,,,0,0,,,,,,,,,,,SCRRA,462D252E-E439-4F47-97EE-D9F47E68A9EB,0,exact_engine_to_loco_match,SCAX 938,,2026-03-18 오전 9:07:15,BOS_ICD_3_0,,,,,
M503,a6e6bfd4-3c4e-405f-9cb8-d9068dcdbd1c,,EAST,COMMUTER,SAN DIEGO,OCEANSIDE,NONE,0,,,,,,NONE,,METROLINK,,,SCAX,1C040197-6D00-4EEC-A3EA-BB77A9DA6647,0,no_engine_id,,,,,,,,,
M503NQ,ef444d68-ca90-4dd2-a86f-0821bf8bd05d,,WEST,COMMUTER,OCEANSIDE,SMF,NONE,0,,,,,,NONE,,METROLINK,,,SCAX,39F7EECF-14C5-42A2-A183-DD118CF7EBF3,0,no_engine_id,,,,,,,,,
M601,80b29c83-1e58-4951-b147-b17695b51373,SCAX 661,WEST,COMMUTER,OCEANSIDE,SONGS,2,100153,SHELF,MAIN,MAIN,ROUTE NAME,SHELL,NONE,,METROLINK,,,SCRRA,B66CB520-E526-4D86-878B-979DC5F16CB5,0,exact_engine_to_loco_match,SCAX 661,,2026-03-24 오전 9:05:28,BOS_ICD_3_0,Pass,6.3.24.12,,,
M601NQ,fb165b19-d864-47d9-88e9-fb85e0491306,SCAX 896,EAST,COMMUTER,SMF,OCEANSIDE,2,100923,SHELF,MT1,MT1,ROUTE NAME,MESA,NONE,,METROLINK,,,SCRRA,2F5634C4-4516-4272-8D31-02F1B1AC6C7C,0,exact_engine_to_loco_match,SCAX 896,,2026-03-24 오전 2:42:04,BOS_ICD_3_0,Pass,6.3.24.12,,,
M603,105aaef4-9e3a-4e23-a420-317bccee8b07,SCAX 662,WEST,COMMUTER,OCEANSIDE,SONGS,2,100153,SHELF,MAIN,MAIN,ROUTE NAME,SHELL,NONE,,METROLINK,,,SCRRA,2F99641A-9A94-4B73-967C-2CBABEC8B95D,0,exact_engine_to_loco_match,SCAX 662,,2026-03-24 오전 9:05:15,BOS_ICD_3_0,Pass,6.3.24.12,,,
M603NQ,32b88251-9238-4e9a-b4a2-d1a11c08dcea,SCAX 901,EAST,COMMUTER,SMF,OCEANSIDE,2,100923,SHELF,MT1,MT1,ROUTE NAME,MESA,NONE,,METROLINK,,,SCRRA,220E9D27-FDAB-493C-AF4A-AA8A9A42D096,0,exact_engine_to_loco_match,SCAX 901,,2026-03-24 오전 2:11:46,BOS_ICD_3_0,Pass,6.3.24.12,,,
M604,22fdfb97-6a0f-4244-bf94-cc4fff5eb020,,EAST,COMMUTER,SAN DIEGO,OCEANSIDE,NONE,0,,,,,,NONE,,METROLINK,,,SCAX,642D5DC8-78B1-4E5B-98E4-FD277F6A45E7,0,no_engine_id,,,,,,,,,
M604NQ,1322e0ed-3f30-47da-92b3-23851941c255,,WEST,COMMUTER,OCEANSIDE,SMF,NONE,0,,,,,,NONE,,METROLINK,,,SCAX,3FF5DAA7-2BFC-493D-AE55-6E63DD9000F1,0,no_engine_id,,,,,,,,,
M605,1532785e-851b-4033-a476-22c976c727d6,,WEST,COMMUTER,OCEANSIDE,SONGS,NONE,0,,,,,,NONE,,METROLINK,,,SCAX,B46DA95D-9F0A-4FE8-8D53-5E66658FF9C9,0,no_engine_id,,,,,,,,,
M605NQ,de4a23aa-82e2-4275-ad35-708c14d76850,,EAST,COMMUTER,SMF,OCEANSIDE,NONE,0,,,,,,NONE,,METROLINK,,,SCAX,0DE4E816-36B2-443C-8380-B5EFA462CFB8,0,no_engine_id,,,,,,,,,
M606,f2366fab-8a3b-4edf-8c72-f00c3d1712bc,,EAST,COMMUTER,SAN DIEGO,OCEANSIDE,NONE,0,,,,,,NONE,,METROLINK,,,SCAX,5ED3909A-9042-4558-ACE2-DF243BFCDB33,0,no_engine_id,,,,,,,,,
M606NQ,2b6f1144-53d4-4e35-bbdf-90cc7d3e1e11,,WEST,COMMUTER,OCEANSIDE,SMF,NONE,0,,,,,,NONE,,METROLINK,,,SCAX,A10D06E7-B3C4-41B9-8ED8-028E8207F0DF,0,no_engine_id,,,,,,,,,
M608,0ae63c4c-8366-4482-b9c9-bac18dd77bef,SCAX 896,EAST,COMMUTER,SONGS,OCEANSIDE,2,100921,SHELF,MT1,MT1,ROUTE NAME,SONGS,NONE,,METROLINK,,,SCRRA,F91E62A8-ACA7-408A-955E-0EA34EA9E39C,0,exact_engine_to_loco_match,SCAX 896,,2026-03-24 오전 2:42:04,BOS_ICD_3_0,Pass,6.3.24.12,,,
M608NQ,6be979aa-a8bf-41e3-8669-00777e01e8f9,SCAX 661,WEST,COMMUTER,OCEANSIDE,SMF,2,100153,SHELF,MAIN,MAIN,ROUTE NAME,SHELL,NONE,,METROLINK,,,SCRRA,04375466-642C-42DF-A7B4-355D2C51A157,0,exact_engine_to_loco_match,SCAX 661,,2026-03-24 오전 9:05:28,BOS_ICD_3_0,Pass,6.3.24.12,,,
M609,b462d49d-4d5b-49ee-8fa3-16fcc4e903b6,,WEST,COMMUTER,OCEANSIDE,SONGS,NONE,0,,,,,,NONE,,METROLINK,,,SCAX,4D65624D-DF0E-4AC7-B191-5177ED927E81,0,no_engine_id,,,,,,,,,
M609NQ,bb691cec-6419-489f-b546-878d5b0d24bd,,EAST,COMMUTER,SMF,OCEANSIDE,NONE,0,,,,,,NONE,,METROLINK,,,SCAX,971DE7B4-B33E-4C67-AFA7-46DB7D6D76A7,0,no_engine_id,,,,,,,,,
M618,bdcbf2cc-0550-4983-9768-f13e0fd4d21f,,EAST,COMMUTER,SONGS,OCEANSIDE,NONE,0,,,,,,NONE,,METROLINK,,,SCAX,B6C8723E-28FE-48C3-8E83-6E4FAEB653BB,0,no_engine_id,,,,,,,,,
M618NQ,a36a3393-1153-4efa-a444-8ef894f4f1bf,,WEST,COMMUTER,OCEANSIDE,SMF,NONE,0,,,,,,NONE,,METROLINK,,,SCAX,A2ABAF03-A748-47DE-A76F-42F94DC43F03,0,no_engine_id,,,,,,,,,
M621,d979d013-07de-4798-a57c-e9fd8aa88701,SCAX 661,WEST,COMMUTER,SONGS,OTC,2,100153,SHELF,MAIN,MAIN,ROUTE NAME,SHELL,NONE,,METROLINK,,,SCRRA,197E65A2-5EDD-43BE-B189-F04927708B2B,0,exact_engine_to_loco_match,SCAX 661,,2026-03-24 오전 9:05:28,BOS_ICD_3_0,Pass,6.3.24.12,,,
M621NQ,665fa84c-9040-489c-afca-3977a3b57e2d,SCAX 896,EAST,COMMUTER,OTC,SMF,2,100923,SHELF,MT1,MT1,ROUTE NAME,MESA,NONE,,METROLINK,,,SCAX,0B8A7180-5731-43CA-B363-9E501772CE85,0,exact_engine_to_loco_match,SCAX 896,,2026-03-24 오전 2:42:04,BOS_ICD_3_0,Pass,6.3.24.12,,,
M623,2fbf9d19-2d26-4c38-9331-6bd8a76e34fb,,WEST,COMMUTER,OCEANSIDE,SONGS,NONE,0,,,,,,NONE,,METROLINK,,,SCAX,88D16A02-FF7A-41DB-95C1-B9536987F934,0,no_engine_id,,,,,,,,,
M623NQ,65c57efe-8656-4dae-b602-18a1b0e53905,,EAST,COMMUTER,SMF,OCEANSIDE,NONE,0,,,,,,NONE,,METROLINK,,,SCAX,3BD3B602-5D79-45B5-B548-2D770F96DC2A,0,no_engine_id,,,,,,,,,
M624,82917b3b-5b83-43ae-a942-5c406c289a43,X,EAST,COMMUTER,SMF,OCEANSIDE,2,100921,SHELF,MT1,MT1,ROUTE NAME,SONGS,NONE,,METROLINK,,,SCRRA,7F8538FA-17B0-4CF3-96A0-C62D9020720C,0,engine_id_without_runtime_match,,,,,,,,,
M624NQ,bf600065-9e85-4992-9960-f6d44ad7ca99,X,WEST,COMMUTER,OCEANSIDE,SONGS,2,100153,SHELF,MAIN,MAIN,ROUTE NAME,SHELL,NONE,,METROLINK,,,SCRRA,70B8F34E-A3AA-412A-8400-486DCD820CEB,0,engine_id_without_runtime_match,,,,,,,,,
M626,d07a6926-4114-4543-a1bc-c4938b43d93a,X,EAST,COMMUTER,OTC,SONGS,2,100921,SHELF,MT1,MT1,ROUTE NAME,SONGS,NONE,,METROLINK,,,SCRRA,F34DF3D8-DCBE-4F3E-ACE3-31745AF33706,0,engine_id_without_runtime_match,,,,,,,,,
M626NQ,91feaa00-c2cf-42f1-932e-13247a167103,X,WEST,COMMUTER,SMF,OTC,2,100153,SHELF,MAIN,MAIN,ROUTE NAME,SHELL,NONE,,METROLINK,,,SCRRA,520A3617-E3B3-4944-8DC8-ABA538F86A26,0,engine_id_without_runtime_match,,,,,,,,,
M634,6eb1845e-65ab-42ab-8a86-2971280bf5be,,EAST,COMMUTER,SONGS,OCEANSIDE,NONE,0,,,,,,NONE,,METROLINK,,,SCAX,46150E5A-46DF-43AE-AC30-48F04C74B430,0,no_engine_id,,,,,,,,,
M634NQ,85f27ad9-6c9c-4504-beea-42d22d0e8d71,,WEST,COMMUTER,OCEANSIDE,SONGS,NONE,0,,,,,,NONE,,METROLINK,,,SCAX,B32242CE-1D09-4B01-9BC7-3DBF6C62A320,0,no_engine_id,,,,,,,,,
M641,70753607-fc60-481f-88f1-eabaada0bcfe,,WEST,COMMUTER,OCEANSIDE,SONGS,NONE,0,,,,,,NONE,,METROLINK,,,SCAX,3D4555D0-2016-4BF9-8E01-BD8765B31665,0,no_engine_id,,,,,,,,,
M641NQ,44721a27-9f71-4a82-9b16-00255a3a7982,,EAST,COMMUTER,SMF,OCEANSIDE,NONE,0,,,,,,NONE,,METROLINK,,,SCAX,8A07F7C2-FC5E-43A2-84EE-EBBCF7D6D061,0,no_engine_id,,,,,,,,,
M644,1474f9cd-e180-4908-ae7f-db38fa9f4da0,,EAST,COMMUTER,SONGS,OCEANSIDE,NONE,0,,,,,,NONE,,METROLINK,,,SCAX,70710800-864E-46D2-8EB6-5D4A32AFBD4B,0,no_engine_id,,,,,,,,,
M644NQ,ad98912a-affa-4515-b3ad-99f994ed3a74,,WEST,COMMUTER,OCEANSIDE,SMF,NONE,0,,,,,,NONE,,METROLINK,,,SCAX,429E98BF-3E2E-4067-8D17-B32058FAAD64,0,no_engine_id,,,,,,,,,
M660NQ,134271eb-c2e8-45bb-823a-5752f899b4e2,,WEST,COMMUTER,OTC,SMF,NONE,0,,,,,,NONE,,METROLINK,,,SCAX,B45AA099-DDCC-443A-A89B-F2717196A01D,0,no_engine_id,,,,,,,,,
M662NQ,549a347b-efd3-4231-935e-aa8687685fef,,WEST,COMMUTER,OCEANSIDE,SONGS,NONE,0,,,,,,NONE,,METROLINK,,,SCAX,037D90F3-3CD4-4E43-9ACA-FFB386AECBF3,0,no_engine_id,,,,,,,,,
M663NQ,be1ee6bf-cb49-4938-9fde-84bf8659928d,,EAST,COMMUTER,SONGS,OCEANSIDE,NONE,0,,,,,,NONE,,METROLINK,,,SCAX,889C7703-D57A-4E88-9895-87819D86DEFD,0,no_engine_id,,,,,,,,,
M664NQ,25710059-0c45-4ecd-8356-9a647854f456,,WEST,COMMUTER,OCEANSIDE,SONGS,NONE,0,,,,,,NONE,,METROLINK,,,SCAX,D4B60567-61BB-404C-89EE-C903237A6F7B,0,no_engine_id,,,,,,,,,
M665NQ,c722df75-1aa5-4b6f-a97f-0d26952fe021,,EAST,COMMUTER,SONGS,OCEANSIDE,NONE,0,,,,,,NONE,,METROLINK,,,SCAX,A1764CC2-F01F-465F-B7F8-64DD1B43E184,0,no_engine_id,,,,,,,,,
M667NQ,05c03369-5ec0-4535-ba28-adf908819fa4,,EAST,COMMUTER,SONGS,OCEANSIDE,NONE,0,,,,,,NONE,,METROLINK,,,SCAX,5258898F-8CEE-4CD0-82CF-4296E3B465D2,0,no_engine_id,,,,,,,,,
M698X,923e2812-0f85-41d3-b767-799c2c28a6bd,,WEST,COMMUTER,OCEANSIDE,SAN DIEGO,NONE,0,,,,,,NONE,,METROLINK,,,SCAX,2224ADA4-0FB0-40AF-856F-99A61A9263AC,0,no_engine_id,,,,,,,,,
M698XDH,FAD32B39-4879-445A-9484-A08BEB2B8BEE,,WEST,COMMUTER,,,0,0,,,,,,,,,,,SCRRA,582D069C-7463-41A1-BC34-92C9070374B3,0,no_engine_id,,,,,,,,,
M698XNQ,038f9700-f0fd-45bd-a3f3-7200c72217a1,,WEST,COMMUTER,OCEANSIDE,SAN DIEGO,NONE,0,,,,,,NONE,,METROLINK,,,SCAX,6E3752E9-4422-416A-8CA2-BB645D6B24BC,0,no_engine_id,,,,,,,,,
M699X,df9edc93-6971-44ec-88b2-7cd991e6a75a,,EAST,COMMUTER,SAN DIEGO,OCEANSIDE,NONE,0,,,,,,NONE,,METROLINK,,,SCAX,EE21C4C0-14BF-4560-B8DF-4A44B9BC37CB,0,no_engine_id,,,,,,,,,
M699XNQ,1f56669f-3e75-43d3-909c-ccd515e06d60,,EAST,COMMUTER,SAN DIEGO,OCEANSIDE,NONE,0,,,,,,NONE,,METROLINK,,,SCAX,F35792D1-B891-474A-A7D5-9676F859B415,0,no_engine_id,,,,,,,,,
M803,265e3eb0-ed8b-458b-9060-bf55a0e0ce5b,,EAST,COMMUTER,SONGS,OCEANSIDE,NONE,0,,,,,,NONE,,METROLINK,,,SCAX,BB314D16-36DF-4874-A739-19C0CAB3C1C9,0,no_engine_id,,,,,,,,,
M803NQ,5581a769-9ae8-4091-a869-86f97bfbf613,,WEST,COMMUTER,OCEANSIDE,SONGS,NONE,0,,,,,,NONE,,METROLINK,,,SCAX,050B26C4-7275-4ACC-8EAE-696D92F50AAB,0,no_engine_id,,,,,,,,,
M809X,80FD030D-22A4-45CA-9334-ACC22D61A6A0,SCAX 659,EAST,COMMUTER,,,2,100449,SHELF,MT1,MT1,ROUTE NAME,SONGS,,,,,,SCRRA,A65DEE19-3901-4191-B353-D7DE426E9B84,0,exact_engine_to_loco_match,SCAX 659,,2026-03-20 오후 1:20:55,BOS_ICD_3_0,,,,,
M812,0f96aed2-22b1-4ba0-9bf4-98b6924e7d92,,WEST,COMMUTER,OCEANSIDE,EASTBROOK,NONE,0,,,,,,NONE,,METROLINK,,,SCAX,2B51E04A-91A0-4D1D-8B79-0675CE7E34C9,0,no_engine_id,,,,,,,,,
M815,fb46f0e2-88d9-4e83-ba7b-25eec82f516c,,EAST,COMMUTER,SONGS,OCEANSIDE,NONE,0,,,,,,NONE,,METROLINK,,,SCAX,A1775B62-63DB-47EC-895C-B24CB9E86FE4,0,no_engine_id,,,,,,,,,
M824,66c2cc98-1e8b-4296-9a35-0716168b684c,,WEST,COMMUTER,OCEANSIDE,SMF,NONE,0,,,,,,NONE,,METROLINK,,,SCAX,424C6A66-15A5-4CCE-A481-AF08C936B1C6,0,no_engine_id,,,,,,,,,
M824NQ,3e8190d2-dacc-4d63-a73a-b6ca841c9a04,,EAST,COMMUTER,SAN DIEGO,OCEANSIDE,NONE,0,,,,,,NONE,,METROLINK,,,SCAX,8C9811E0-3A9A-40A0-9E1F-CD94B2141CFF,0,no_engine_id,,,,,,,,,
METROLINK CHIEF DS,B4FF96EA-0175-45A3-BBDB-CAFA96077854,SCAX,WEST,COMMUTER,,,2,100449,SHELF,MT1,MT1,ROUTE NAME,SONGS,,,,,,SCRRA,DA53AAA6-B8D8-447C-800C-691A46E2D21D,0,engine_id_without_runtime_match,,,,,,,,,
MOW / NCTD,41743DF4-F389-44E5-A246-A26F390AD189,MOW,WEST,UNKNOWN,,,1,200578,SHELF 2,MAIN,MAIN,NONE,AVO,,,,,,NCTC,51DED554-7858-454B-B122-2C75FFABDB17,0,engine_id_without_runtime_match,,,,,,,,,
MOW E,EABDE656-EE39-49F8-8754-647EF6C4B817,MOW,,,,,0,0,,,,,,,,,,,NCTC,C0EB9C30-263B-47AB-A3CD-EC5C3BA8926C,0,engine_id_without_runtime_match,,,,,,,,,
MOW ESC,1B976E76-29CE-4BF2-B7ED-72A37C3E39AE,MOW,NONE,UNKNOWN,,,1,200578,SHELF 2,MAIN,MAIN,NONE,AVO,,,,,,NCTC,CB484E65-97B5-41B6-94BC-12B4B0A0F8E1,0,engine_id_without_runtime_match,,,,,,,,,
MOW ESC MIDDAY,A1821563-2E14-4AAA-8A54-BC4A5344067A,MOW,NONE,UNKNOWN,,,1,200578,SHELF 2,MAIN,MAIN,NONE,AVO,,,,,,NCTC,156DBCAB-E3EB-4045-85B4-86614799E437,0,engine_id_without_runtime_match,,,,,,,,,
MOW PM ESC,593299FB-A76F-438A-B192-E63319D83CE3,MOW,NONE,UNKNOWN,,,1,200578,SHELF 2,MAIN,MAIN,NONE,AVO,,,,,,NCTC,BAD5F79B-5B15-4E9B-8AFA-76ECE8489BD8,0,engine_id_without_runtime_match,,,,,,,,,
MOW SAN AM,6221E411-4019-4A8B-9612-3BD28F37EF26,MOW,WEST,UNKNOWN,,,2,100449,SHELF,MT1,MT1,ROUTE NAME,SONGS,,,,,,NCTC,7ACF665E-DA77-4738-9870-3176A44C0DAB,0,engine_id_without_runtime_match,,,,,,,,,
MOW SAN MIDDAY,DCB52DDF-8774-4897-93BD-4B1D8DF5E5F9,MOW,WEST,COMMUTER,,,2,100449,SHELF,MT1,MT1,ROUTE NAME,SONGS,,,,,,NCTC,7B524B62-C107-4D65-AD6A-ACEA09C815AE,0,engine_id_without_runtime_match,,,,,,,,,
MOW SAN PM,8392A161-B868-4E3E-BDD4-700B3C984221,MOW,WEST,UNKNOWN,,,2,100449,SHELF,MT1,MT1,ROUTE NAME,SONGS,,,,,,NCTC,F50F5362-72CF-4C12-850D-B7C54654E207,0,engine_id_without_runtime_match,,,,,,,,,
MOW/NCTD.,F171EA3B-DA92-4B3C-8EBD-22F038FAE83C,MOW,NONE,UNKNOWN,,,1,200578,SHELF 2,MAIN,MAIN,NONE,AVO,,,,,,NCTC,A9022050-34F4-4D0C-BF96-6DC3E560A8C5,0,engine_id_without_runtime_match,,,,,,,,,
MOW/NCTD/ML,6DB43DE7-9646-4854-AC3E-7DFBCD6AA153,MOW,WEST,UNKNOWN,,,2,100449,SHELF,MT1,MT1,ROUTE NAME,SONGS,,,,,,NCTC,02FA3DB5-D115-4FFD-A86F-07F7797484DD,0,engine_id_without_runtime_match,,,,,,,,,
NSBDSBD2 31,B03C5FF1-031F-49F3-9D09-EBD03A43C6BA,,EAST,FREIGHT,,,0,0,,,,,,,,,,,BNSF,4D167D2F-4488-4806-94E3-39C7F5D5134D,0,no_engine_id,,,,,,,,,
OTC,C839E06B-9E5B-4560-92F0-599B34008126,OTC,WEST,UNKNOWN,,,1,200578,SHELF 2,MAIN,MAIN,NONE,AVO,,,,,,NCTC,27D1CCB0-B636-4FCE-BEDA-4DF4D28E78DC,0,engine_id_without_runtime_match,,,,,,,,,
RCAL0153 23,4439CFB5-BA88-4C54-AB25-659457A2DEEE,BNSF 154,WEST,FREIGHT,,,2,100776,WBAK,OSD FREIGHT,OCEANSIDE FREIGHT TRACK,ROUTE NAME,ESCONDIDO JCT,,INACTIVE,,,,BNSF,D9A854AF-E94F-41A3-8AFC-E35F76690015,0,exact_engine_to_loco_match,BNSF 154,,2026-03-20 오전 10:25:35,BOS_ICD_3_0,,,,,
RCAL0253 23,87CAB238-0113-4B65-9214-DA0C7F5F4070,BNSF 154,WEST,FREIGHT,,,1,200321,3EABK,BFT,NOTHING,ROUTE NAME,LOOP EAST,,,,,,BNSF,04D05968-BFE2-4675-8D05-3C9F8798FF3A,0,exact_engine_to_loco_match,BNSF 154,,2026-03-20 오전 10:25:35,BOS_ICD_3_0,,,,,
SOF,02712983-2269-488A-B1C6-3C2B2A24A8C1,SOF,NONE,UNKNOWN,,,1,200578,SHELF 2,MAIN,MAIN,NONE,AVO,,,,,,NCTC,33F9FE6E-98E8-4E07-8FB7-878E92D482E6,0,engine_id_without_runtime_match,,,,,,,,,
SPARE1,f04c543d-8a3e-4633-90a8-e15934b88132,NCTC 5002,WEST,COMMUTER,SAN DIEGO,OCEANSIDE,0,0,,,,,,NONE,,SANDIE,,,NCTC,471AF1E0-6A55-4AEA-8203-4785BC493601,0,exact_engine_to_loco_match,NCTC 5002,,2026-03-21 오후 9:03:22,BOS_ICD_3_0,,,,,
SPARE1DH,25c22d91-5e67-42d8-8952-d56aa5c850b5,NCTC 2302,EAST,COMMUTER,OCEANSIDE,SAN DIEGO,0,0,,,,,,NONE,,SANDIE,,,NCTC,7A217FA3-A489-4329-A333-EFF9D58DFDB2,0,exact_engine_to_loco_match,NCTC 2302,,2026-03-03 오후 5:08:31,,,,,,
SPARE2,60cd6c31-68f3-4c36-b9e2-08e8c812e54a,,WEST,COMMUTER,SAN DIEGO,OCEANSIDE,NONE,0,,,,,,NONE,,SANDIE,,,NCTC,B968DDD9-5983-46C1-A0BF-F8400657E4A2,0,no_engine_id,,,,,,,,,
SPARE2DH,2a78284a-5c2a-4d02-a893-b628b06b991b,,EAST,COMMUTER,OCEANSIDE,SAN DIEGO,NONE,0,,,,,,NONE,,SANDIE,,,NCTC,E339E224-FE53-4211-AEC2-02FFB0DFDD9A,0,no_engine_id,,,,,,,,,
SPPARE2,1A3ADF7B-46DF-4DDD-8F54-8DFDA6D0E93C,NCTC 2308,EAST,COMMUTER,,,0,0,,,,,,,,,,,NCTC,E3E2C49A-0FE1-4028-804F-136E72BD96CE,0,exact_engine_to_loco_match,NCTC 2308,,2026-03-24 오전 9:05:32,BOS_ICD_3_0,Pass,6.3.24.11,,,
SPRINTER 4001,185971F4-0205-41A7-B930-250B27B02AD4,4001,NONE,HYBRID,,,1,200578,SHELF 2,MAIN,MAIN,NONE,AVO,,,,,,NCTS,68BBCECC-4797-4F94-AA8C-634D5C182E68,0,engine_id_without_runtime_match,,,,,,,,,
SPRINTER 4002,F6F1026B-EE4F-4AD5-85A6-CBA036B9890E,4002,NONE,HYBRID,,,1,200578,SHELF 2,MAIN,MAIN,NONE,AVO,,,,,,NCTS,941B840D-42F1-4A58-915C-0A7D7C60C4B6,0,engine_id_without_runtime_match,,,,,,,,,
SPRINTER 4003,B5258C78-DF01-4A72-BA40-2E4D1EFD6F4F,4003,WEST,HYBRID,,,0,0,,,,,,,,,,,NCTS,DA4138EB-8072-4F20-AD16-0B8426937187,0,engine_id_without_runtime_match,,,,,,,,,
SPRINTER 4004,0E07E480-F9D7-4D3C-AADC-DE1D64C84DED,4004,NONE,HYBRID,,,1,200578,SHELF 2,MAIN,MAIN,NONE,AVO,,,,,,NCTS,5328FB6F-37CC-47DD-A9E3-D34C9C83CA12,0,engine_id_without_runtime_match,,,,,,,,,
SPRINTER 4005,9E714697-4A3E-4298-8C5D-D7635373AD98,4005,NONE,HYBRID,,,1,200578,SHELF 2,MAIN,MAIN,NONE,AVO,,,,,,NCTS,3BAFB748-B532-4B13-90E1-574E818B3FB9,0,engine_id_without_runtime_match,,,,,,,,,
SPRINTER 4006,B6B820C2-5B3E-43A2-B59F-2319F9F42798,4006,NONE,HYBRID,,,1,200578,SHELF 2,MAIN,MAIN,NONE,AVO,,,,,,NCTS,15F27707-DEC9-44F9-89A4-A920FDEFF06A,0,engine_id_without_runtime_match,,,,,,,,,
SPRINTER 4007,D8AF3981-90F7-4224-8768-6568E2F9319C,4007,NONE,HYBRID,,,1,200578,SHELF 2,MAIN,MAIN,NONE,AVO,,,,,,NCTS,B7997D28-0812-433D-9ACF-93F2046A20A1,0,engine_id_without_runtime_match,,,,,,,,,
SPRINTER 4008,A1F02568-9D33-483E-B8AD-783579A4EB86,4008,NONE,HYBRID,,,1,200578,SHELF 2,MAIN,MAIN,NONE,AVO,,,,,,NCTS,FCD3FA3E-E8D4-4B68-8438-CA48365EBB13,0,engine_id_without_runtime_match,,,,,,,,,
SPRINTER 4009,F2542A71-BFF0-4B07-8C16-CF6268CC4EBE,4009,NONE,HYBRID,,,1,200578,SHELF 2,MAIN,MAIN,NONE,AVO,,,,,,NCTS,2A38026B-920F-4912-AD3E-D319D80F05A2,0,engine_id_without_runtime_match,,,,,,,,,
SPRINTER 4010,89AFE858-2422-4A68-9A5D-127997F374EE,4010,NONE,HYBRID,,,1,200578,SHELF 2,MAIN,MAIN,NONE,AVO,,,,,,NCTS,E2D1B226-9F52-4D38-B97D-37059BD0BFAE,0,engine_id_without_runtime_match,,,,,,,,,
SPRINTER 4011,C48C3EB4-3B35-483E-B5BA-E0CA951BB973,4011,NONE,HYBRID,,,1,200578,SHELF 2,MAIN,MAIN,NONE,AVO,,,,,,NCTS,B8738EA8-EBF3-497C-8CC8-ADC31BF39945,0,engine_id_without_runtime_match,,,,,,,,,
SPRINTER 4012,D0D92433-B675-4BE4-9DE8-9665D38F7F38,4012,NONE,HYBRID,,,1,200578,SHELF 2,MAIN,MAIN,NONE,AVO,,,,,,NCTS,75695DD5-4CF0-4713-A10E-DCA7223CEA7D,0,engine_id_without_runtime_match,,,,,,,,,
TEST1,5b63cd95-5575-417e-8d07-c10edbada54d,,EAST,COMMUTER,OCEANSIDE,SAN DIEGO,NONE,0,,,,,,NONE,,SANDIE,,,NCTC,4FE6BD2E-250A-47A1-89D6-4837494408FD,0,no_engine_id,,,,,,,,,
TEST2,bb355c39-e616-407e-bb51-0a1ffe892793,,WEST,COMMUTER,SAN DIEGO,OCEANSIDE,NONE,0,,,,,,NONE,,SANDIE,,,NCTC,AF403DE7-B9CA-4CC4-BE1E-AEC292307010,0,no_engine_id,,,,,,,,,
UPPHSDG5 07,437083D5-A7A0-4F36-B241-ACAF62C55D5E,BNSF 5294,EAST,FREIGHT,,,0,0,,,,,,,,,,,BNSF,31FE76B3-EDF2-4941-91B2-A2299CC5599E,0,exact_engine_to_loco_match,BNSF 5294,,2023-01-21 오전 12:00:02,,,,SIDING,,
VBARSDG3 28,FE9DB177-BE03-455B-B6F5-62CECAB40E9E,BNSF 8338,EAST,FREIGHT,,,0,0,,,,,,,,,,,BNSF,5C307E24-D36A-4F64-9227-E56887143962,0,exact_engine_to_loco_match,BNSF 8338,,2023-12-31 오전 11:06:52,ICD_4_0,,,,,
VSBDSDG4 23,3E247DF7-3DA6-4347-B886-36CEF6DD8736,BNSF 8368,EAST,FREIGHT,,,2,100355,WBAK,MT1,MT1,ROUTE NAME,SWAMI,,INACTIVE,,,,BNSF,BA89992B-4F97-45B7-ABAD-198609FF62CB,0,exact_engine_to_loco_match,BNSF 8368,,2026-03-24 오전 7:46:06,BOS_ICD_3_0,,,,,
VSBDSDG4 234 23,DDA8108F-7EAF-4F48-ADC5-8A513FE9A087,BNSF 3721,EAST,FREIGHT,,,0,0,,,,,,,,,,,BNSF,0DCC18A2-2120-411D-8DED-5D2F94434DA2,0,exact_engine_to_loco_match,BNSF 3721,,2026-02-11 오전 10:40:44,BOS_ICD_3_0,,,,,
VSBSDG4 22,4D72AB6F-5336-44AF-AB68-91A470497B83,BNSF 8284,EAST,FREIGHT,,,0,0,,,,,,,,,,,BNSF,E7775CE9-5073-426B-91AE-01473DB631B2,0,exact_engine_to_loco_match,BNSF 8284,,2025-06-25 오전 9:06:23,BOS_ICD_3_0,,,,,
W01,24E237C9-7960-4E75-B0B7-4F59E082A1D4,,WEST,HYBRID,,,1,200861,SHELF 2,MAIN,MAIN,NONE,AVO,,,,,,NCTS,E58F2476-59C1-4BFE-9485-E10BC5E86373,0,no_engine_id,,,,,,,,,
W01DH,834ECF7E-2D0F-4B78-BD2B-246B530C3C74,,EAST,HYBRID,,,1,200861,SHELF 2,MAIN,MAIN,NONE,AVO,,,,,,NCTS,A2BE44F4-73CB-4355-8E25-A87DD11E7BBD,0,no_engine_id,,,,,,,,,
W03,6C5AE8C1-508E-4A94-8C2D-646F3CE2A6E9,,WEST,HYBRID,,,1,200861,SHELF 2,MAIN,MAIN,NONE,AVO,,,,,,NCTS,9581EBE2-6C71-4F8F-B80C-408884CD83DB,0,no_engine_id,,,,,,,,,
W03DH,62204510-02E4-4597-9165-F0C633C93952,,EAST,HYBRID,,,1,200861,SHELF 2,MAIN,MAIN,NONE,AVO,,,,,,NCTS,6B1EC3AA-4B71-4D17-87FE-B5DF01924DAD,0,no_engine_id,,,,,,,,,
W05,75006798-6979-47A3-9473-A03FA3CEE39C,,WEST,HYBRID,,,1,200861,SHELF 2,MAIN,MAIN,NONE,AVO,,,,,,NCTS,80558CC8-0928-491D-BE93-4D3D2B19ABF8,0,no_engine_id,,,,,,,,,
W07,FD85C1EC-9243-468B-92DC-27C6BD990FE2,,WEST,HYBRID,,,1,200861,SHELF 2,MAIN,MAIN,NONE,AVO,,,,,,NCTS,97FAF673-FE14-4191-AAB9-ABA5C4A92E39,0,no_engine_id,,,,,,,,,
W09,81621008-D5BE-437B-B609-67C57A731997,,WEST,HYBRID,,,1,200861,SHELF 2,MAIN,MAIN,NONE,AVO,,,,,,NCTS,F32E18F8-6495-48BA-89EA-0CC40EDD5848,0,no_engine_id,,,,,,,,,
W11,B1AF48DF-F373-4020-840C-CFB81DAE743B,,WEST,HYBRID,,,1,200861,SHELF 2,MAIN,MAIN,NONE,AVO,,,,,,NCTS,E73C789A-C235-4C5C-AAD3-E5F0972235B6,0,no_engine_id,,,,,,,,,
W13,C230E698-E2E4-4825-A3A8-1C06A4CA4148,,WEST,HYBRID,,,1,200861,SHELF 2,MAIN,MAIN,NONE,AVO,,,,,,NCTS,F24BEA2E-FCE8-4FD8-8EBD-358A734CCB4F,0,no_engine_id,,,,,,,,,
W15,56839DBB-D466-4493-A9A5-6BC0C253F578,,WEST,HYBRID,,,1,200861,SHELF 2,MAIN,MAIN,NONE,AVO,,,,,,NCTS,5C9C5329-9965-47CA-9FD3-4885452B83B7,0,no_engine_id,,,,,,,,,
W17,222D1678-273F-4B80-B3D9-FA85E160F5CA,,WEST,HYBRID,,,1,200861,SHELF 2,MAIN,MAIN,NONE,AVO,,,,,,NCTS,4D249ED4-6DE7-4252-A36A-A97CF5798D2C,0,no_engine_id,,,,,,,,,
W19,CBAA53F6-0C51-4C42-8E2C-2508C17BD2B0,,WEST,HYBRID,,,1,200861,SHELF 2,MAIN,MAIN,NONE,AVO,,,,,,NCTS,8C5A280E-93B9-4E3B-8DFA-CE288FB4EA3A,0,no_engine_id,,,,,,,,,
W21,4ACC43B8-BC79-4476-AC31-3E52C834389F,,WEST,HYBRID,,,1,200861,SHELF 2,MAIN,MAIN,NONE,AVO,,,,,,NCTS,99CB4C21-D8D4-49EC-AE3E-3D308DB9227B,0,no_engine_id,,,,,,,,,
W23,0BCBEFCC-87FB-40A3-86CF-1458710E41BB,,WEST,HYBRID,,,1,200861,SHELF 2,MAIN,MAIN,NONE,AVO,,,,,,NCTS,E6F6F4F6-92FA-42C7-888B-6432B6F57853,0,no_engine_id,,,,,,,,,
W25,FF5E913F-BAF8-42FD-B797-376AF2DF55A8,,WEST,HYBRID,,,1,200861,SHELF 2,MAIN,MAIN,NONE,AVO,,,,,,NCTS,59882A14-BD33-42B4-9EA5-E599D9B19793,0,no_engine_id,,,,,,,,,
W27,51DFBA86-AC1F-4D2A-8588-06FBBC24BCA3,,WEST,HYBRID,,,1,200861,SHELF 2,MAIN,MAIN,NONE,AVO,,,,,,NCTS,32AC085A-D581-4ECB-B9D6-B88864C41C95,0,no_engine_id,,,,,,,,,
W29,5B2A8D48-A471-4CCE-BF0D-A588358C1732,,WEST,HYBRID,,,1,200861,SHELF 2,MAIN,MAIN,NONE,AVO,,,,,,NCTS,6103F5BF-7DBB-437A-AD7A-DECF0CE8285F,0,no_engine_id,,,,,,,,,
W31,185A22B0-E889-43CE-A81C-0501C03E28F4,,WEST,HYBRID,,,1,200861,SHELF 2,MAIN,MAIN,NONE,AVO,,,,,,NCTS,B391BAB4-E71F-4209-9C97-5C9E026B6637,0,no_engine_id,,,,,,,,,
W33,E682E689-06E0-4160-BC7A-D08BFC2C6751,,WEST,HYBRID,,,1,200861,SHELF 2,MAIN,MAIN,NONE,AVO,,,,,,NCTS,3C353F99-CEDB-4EAE-AE65-2CF3F28A23B4,0,no_engine_id,,,,,,,,,
W35,B0D6ACC5-9547-41D8-AE77-3AC79749CE2F,,WEST,HYBRID,,,1,200861,SHELF 2,MAIN,MAIN,NONE,AVO,,,,,,NCTS,C25EF42B-5F95-4C3D-914D-5D36350676A3,0,no_engine_id,,,,,,,,,
W37,63895E07-0C6D-4C94-8550-8EBC3D551C5B,,WEST,HYBRID,,,1,200861,SHELF 2,MAIN,MAIN,NONE,AVO,,,,,,NCTS,A829870D-DFCB-486A-861A-EB3334797DB6,0,no_engine_id,,,,,,,,,
W39,15898D71-4AB1-4CFD-B5C7-4C0D0D46F316,,WEST,HYBRID,,,1,200861,SHELF 2,MAIN,MAIN,NONE,AVO,,,,,,NCTS,F08DE84C-1C03-4731-A5AF-FE538703A717,0,no_engine_id,,,,,,,,,
W41,6935F48F-4FD0-462E-BF19-83C3E6E85FAA,,WEST,HYBRID,,,1,200861,SHELF 2,MAIN,MAIN,NONE,AVO,,,,,,NCTS,158B6884-E29B-420F-A9A0-6DA9955DB68C,0,no_engine_id,,,,,,,,,
W43,B80232E8-C3B1-4989-ACAC-84CC0A77593A,,WEST,HYBRID,,,1,200861,SHELF 2,MAIN,MAIN,NONE,AVO,,,,,,NCTS,3EFCF783-E199-47D8-885C-005E4D2CD110,0,no_engine_id,,,,,,,,,
W45,6ED7672F-D44B-460B-80CB-92B4754D7717,,WEST,HYBRID,,,1,200861,SHELF 2,MAIN,MAIN,NONE,AVO,,,,,,NCTS,353E2A1E-A942-42DE-8484-5F0E6DFEEB5A,0,no_engine_id,,,,,,,,,
W47,6722BB49-B59C-491F-AC64-C7B034BE6641,,WEST,HYBRID,,,1,200861,SHELF 2,MAIN,MAIN,NONE,AVO,,,,,,NCTS,674B5A54-C580-419D-8984-64DE47EDB962,0,no_engine_id,,,,,,,,,
W49,CC02503D-3D6E-4F2A-A214-77E60FEFBDE2,,WEST,HYBRID,,,1,200861,SHELF 2,MAIN,MAIN,NONE,AVO,,,,,,NCTS,6E9F4DEC-18F2-41D3-BA6F-F2E505BD90E5,0,no_engine_id,,,,,,,,,
W51,AF18D466-B131-42D6-9061-E4BE3CD55DEE,,WEST,HYBRID,,,1,200861,SHELF 2,MAIN,MAIN,NONE,AVO,,,,,,NCTS,FC9A0AF3-EC7C-4EB7-960C-085EF9A60A35,0,no_engine_id,,,,,,,,,
W53,60EEF994-E923-4980-8AFF-C940F7F245B9,,WEST,HYBRID,,,1,200861,SHELF 2,MAIN,MAIN,NONE,AVO,,,,,,NCTS,336D005D-9729-44EC-8824-2FC90F4EB623,0,no_engine_id,,,,,,,,,
W55,E1457AFD-082A-4F5F-BEFF-F345124E5A42,,WEST,HYBRID,,,1,200861,SHELF 2,MAIN,MAIN,NONE,AVO,,,,,,NCTS,6AFD464A-1097-4E28-94C8-2149ADC42EA6,0,no_engine_id,,,,,,,,,
W57,EEA2AB12-8572-4DC9-B96C-F5A5C8CCD017,,WEST,HYBRID,,,1,200861,SHELF 2,MAIN,MAIN,NONE,AVO,,,,,,NCTS,F72E19DF-0B33-4F4B-9037-FA8ABC4C9FDC,0,no_engine_id,,,,,,,,,
W59,2C31C8BC-3110-441D-B8C2-7A18411FD531,,WEST,HYBRID,,,1,200861,SHELF 2,MAIN,MAIN,NONE,AVO,,,,,,NCTS,4955854A-02BB-4254-80BF-73F3A6A0661F,0,no_engine_id,,,,,,,,,
W61,C9B5D37C-88C3-4624-A186-571A057F1468,,WEST,HYBRID,,,1,200861,SHELF 2,MAIN,MAIN,NONE,AVO,,,,,,NCTS,F3BF7613-23BF-4DE6-8804-5255C6313D60,0,no_engine_id,,,,,,,,,
W66DH,CB85BD10-48CC-447E-A423-C7297E336056,,WEST,HYBRID,,,0,0,,,,,,,,,,,NCTS,F1BA09E3-804C-4BD2-A3A0-C5F1285ECDEE,0,no_engine_id,,,,,,,,,
YSDGKEL1 09,57B0DB61-B035-4C76-BACD-5ED6EB07F5C7,BNSF 3870,WEST,FREIGHT,,,0,0,,,,,,,,,,,BNSF,98A6D517-6985-4441-9A72-70240A0B58FB,0,exact_engine_to_loco_match,BNSF 3870,,2026-03-12 오후 3:15:45,ICD_4_0,,,,,
